segment_id,lat,lon,pci_mean,pci_std,point_count,lst_mean,gvi_mean,svf_mean,shade_mean,rank
25.253_55.306000000000004,25.25286646716447,55.30594041714301,0.6673110266573198,0.0750712153264957,37,47.719570462307715,0.191544128967835,0.18262349098835912,0.8173765090116409,1
25.252_55.305,25.251797582202972,55.30522048473358,0.661779841920534,0.08174873402840685,3,48.38310455000004,0.23803654423466436,0.14210736310040506,0.8578926368995949,2
25.2525_55.306000000000004,25.252702844533577,55.305781960487366,0.6491747307954154,0.020639487377563843,4,47.61661356500001,0.2330945332845052,0.30506854587131077,0.6949314541286893,3
25.252_55.3055,25.25204615597263,55.30539035797119,0.637063551970836,0.07277692793150746,10,48.087274919000016,0.22026418050130206,0.24428151448567706,0.755718485514323,4
25.2495_55.301,25.24952668784024,55.30099941565927,0.6347046318345464,0.03550549491853417,110,46.86500457858408,0.07255957632353807,0.29901075785138964,0.7009892421486104,5
25.2405_55.297000000000004,25.240518463353666,55.296952383858816,0.6337120309172746,0.0349167022419926,16,47.135364487142866,0.007809638977050748,0.1775435997695519,0.8224564002304481,6
25.2425_55.306000000000004,25.242638648853507,55.30579483509064,0.6199866413107389,0.03496132981789661,5,48.045404174000005,0.18211390177408848,0.258368174235026,0.741631825764974,7
25.25_55.301,25.249855816016165,55.3011939200488,0.6195148687175677,0.022773107907287055,10,47.08285866909092,0.02021276685926643,0.24386893378363708,0.7561310662163628,8
25.2525_55.3055,25.25244642829643,55.305603325366974,0.6189460477566006,0.03034766691460763,10,47.72547750200001,0.18903435601128468,0.32420230441623266,0.6757976955837673,9
25.2405_55.296,25.24045715093368,55.29595687108881,0.5984439610793157,0.07357752737858836,8,47.24480336000003,0.006484826405843051,0.34084806255265776,0.6591519374473422,10
25.25_55.301500000000004,25.250065013811586,55.30138735260282,0.5965487342905224,0.02253716232542435,12,47.63541267500001,0.015405125088161851,0.21704071287124874,0.7829592871287513,11
25.251_55.305,25.251149497107033,55.30481490221891,0.5942926430792226,0.04572520813912803,11,48.748366596363645,0.172685950693458,0.20000900885071415,0.799990991149286,12
25.2525_55.307,25.25248927325308,55.30698235218342,0.5903103351385153,0.062375018004137105,13,48.58161263461542,0.10774713499933222,0.16880407088842148,0.8311959291115786,13
25.240000000000002_55.296,25.239936981884046,55.29587359804856,0.5900220476445776,0.049409779813474095,14,47.34393652210528,0.016056514921642444,0.27233886718749994,0.7276611328125,14
25.2515_55.305,25.251448292221873,55.305019944906235,0.5861207081307356,0.02631481466536423,40,48.56592589475002,0.09149799346923823,0.16562211778428815,0.8343778822157117,15
25.2405_55.2975,25.240463887044577,55.297502875328064,0.5853282805570087,0.02195587755311362,7,48.103396580000044,0.006102546812996,0.08051599573206013,0.9194840042679399,16
25.243000000000002_55.306000000000004,25.243039356453806,55.305913388729095,0.5824893822879025,0.023254598837676912,12,47.96055182750003,0.10187212626139319,0.2919537226359049,0.7080462773640951,17
25.2525_55.3065,25.25267737274915,55.30660731451852,0.5783565897422285,0.03933295268481047,5,48.467334328571454,0.1451436360677083,0.25212484692770337,0.7478751530722967,18
25.2425_55.305,25.24249793581954,55.304874658584595,0.5702314150764122,0.14583769517544368,15,49.65927928400003,0.3223729451497395,0.2759740193684896,0.7240259806315105,19
25.2465_55.301500000000004,25.246312494300412,55.301308035850525,0.5684557772945877,0.0016925590933829482,6,48.509571290000025,0.003755569458007767,0.12937715318467877,0.8706228468153213,20
25.241500000000002_55.299,25.241465274396077,55.299029420403876,0.5677914485166106,0.02229770268269981,8,48.576926390000004,0.002541012234157936,0.09248332104651753,0.9075166789534824,21
25.240000000000002_55.297000000000004,25.239982865669322,55.296947836875916,0.5658819973214113,0.013416672932524933,10,46.98331142599999,0.002496676974826348,0.39456278483072915,0.6054372151692708,22
25.2405_55.298,25.240293411008498,55.29780328273773,0.5637734885093796,0.02617908943258065,3,48.707816450000024,0.0023102936921296,0.10692794234664353,0.8930720576533565,23
25.253_55.3065,25.252829596894085,55.30637741088867,0.5607000298599842,0.010787138286970638,3,48.233566175000036,0.06753653067129627,0.16261333889431423,0.8373866611056857,24
25.251_55.3025,25.251202426161484,55.302295088768005,0.5606029802449995,0.0010179414876055571,3,48.44121089000003,0.0018174913194444,0.16148969862196175,0.8385103013780383,25
25.240000000000002_55.298,25.240091579773235,55.29805298362459,0.5604665324386434,0.023306785695974146,10,48.96074993000002,0.00481838650173608,0.09315817696707586,0.9068418230329242,26
25.242_55.300000000000004,25.24210768172262,55.30002440725054,0.5601391668475385,0.026609490625816096,9,49.212340616428584,0.005401988088348735,0.06355951702783975,0.9364404829721602,27
25.2465_55.301,25.246434711271352,55.3009957075119,0.5573851354386312,0.038864409389072124,42,48.58978082600003,0.03224508690111561,0.18077850341796872,0.8192214965820312,28
25.244_55.298,25.243961161049814,55.297995172441006,0.5536878167659751,0.05806355893188213,13,48.68698789062502,0.004457033597505957,0.12082107861836747,0.8791789213816326,29
25.246000000000002_55.301500000000004,25.246078657146597,55.30152957181673,0.5508460111605864,0.03317150072221272,33,48.54721569945949,0.020098517922794077,0.1837721930609809,0.8162278069390191,30
25.244500000000002_55.298,25.244433938253746,55.29815835612161,0.5480113212820555,0.03239926683226588,7,48.89263367428573,0.015362330845424042,0.13439051310221353,0.8656094868977865,31
25.244500000000002_55.298500000000004,25.244608613643386,55.298361437661306,0.5456662199964691,0.025306509726500084,7,49.04131754428573,0.008093879336402486,0.10742223830450144,0.8925777616954986,32
25.252_55.303000000000004,25.252086425865503,55.30284869670868,0.5448485888601599,0.012845750449684905,5,48.442236296000004,0.00784835815429682,0.21295445760091142,0.7870455423990885,33
25.251_55.304500000000004,25.25091490226432,55.304637706798054,0.5435104441425127,0.054518140963390214,23,49.673555709565235,0.19897173453068384,0.21420772755203613,0.7857922724479639,34
25.2425_55.2995,25.24230340761027,55.29957386580381,0.5412662845426355,0.02708073883955495,9,49.01574897909092,0.0011253827883873002,0.09679158528645831,0.9032084147135417,35
25.2515_55.3055,25.251395357495273,55.305490388589746,0.5409705224495996,0.047406051650728684,17,49.28194328000001,0.1035222072227328,0.1841782214594822,0.8158217785405179,36
25.2395_55.297000000000004,25.23957397992264,55.296966314315796,0.5407441380812112,0.05661231160953454,36,47.51386408600002,0.0017015433605805956,0.3737901381504389,0.6262098618495612,37
25.2425_55.3055,25.24236288357449,55.30570864677429,0.5400173625788727,0.029778125550051212,6,48.78643091000001,0.13090917799207896,0.302584966023763,0.6974150339762369,38
25.240000000000002_55.298500000000004,25.239861309981354,55.29847727372096,0.5398588586366019,0.026161110962360696,8,49.41192857000002,0.00862990485297305,0.08132882403512282,0.9186711759648772,39
25.241_55.302,25.241121366002083,55.30205690860748,0.5390074563335531,0.002249235699264861,5,49.00381698200001,0.0006168506763599167,0.08338852870611493,0.9166114712938851,40
25.241_55.299,25.241115058083626,55.29884099960327,0.5383613572178783,0.02295370515359704,7,48.76250477000002,0.005241757347470213,0.16446374963831015,0.8355362503616899,41
25.242_55.2995,25.24203600785874,55.299394726753235,0.5358016637675782,0.030793888891217754,5,48.87848958200002,0.005477227105034691,0.12814251935040505,0.8718574806495949,42
25.241500000000002_55.2995,25.241687619934826,55.299291014671326,0.5356393323888596,0.001906573456241028,3,48.46684604000001,0.0013992874710648,0.22792731391059026,0.7720726860894098,43
25.252_55.3025,25.252016175333182,55.30247646409112,0.5355803393058879,0.044858976350680514,111,48.493097049459465,0.017397448107286925,0.2411477639749124,0.7588522360250877,44
25.2395_55.2995,25.23932667460567,55.299531161785126,0.5347556665567706,0.03698887654759144,21,48.99618340400003,0.007362729027157685,0.13282171178747104,0.867178288212529,45
25.2435_55.306000000000004,25.243505640162105,55.30606408010829,0.5345647478933073,0.03165979539053844,14,48.44152161909094,0.03734752110072541,0.28503377509839606,0.714966224901604,46
25.241500000000002_55.3025,25.241520380396608,55.3025039434433,0.5343661971231333,0.03096549911158644,8,49.53588876200003,0.002020941840277725,0.09320509168836802,0.906794908311632,47
25.2485_55.303000000000004,25.248427149110363,55.30314879758017,0.5324711979862301,0.015673362762136996,14,49.02166392928574,0.07045110066731766,0.21706154232933406,0.782938457670666,48
25.245_55.3095,25.245179772744354,55.30959682805197,0.5302159919485103,0.05833537205439803,7,49.26886001857145,0.1823530256100864,0.30381820793438674,0.6961817920656133,49
25.241_55.2965,25.241068615291244,55.2963559116636,0.5299507778959451,0.010354343224277723,5,47.68826991285717,0.00286865234374996,0.34550930204845604,0.6544906979515439,50
25.2465_55.3025,25.24643244693719,55.3026020526886,0.5293385525978502,0.04180516810292181,5,49.18159200000002,0.0073689778645832805,0.1397090958960262,0.8602909041039738,51
25.247500000000002_55.3085,25.247488004262205,55.30840805768967,0.529246132412642,0.06521861795808793,50,49.547863225400015,0.19847524007161457,0.27612521701388887,0.7238747829861112,52
25.2465_55.3065,25.246472772604207,55.30639350414276,0.5288651476452125,0.004098357807988348,6,49.20855638,0.0030500623914930165,0.12099355061848956,0.8790064493815105,53
25.241_55.296,25.240947469333985,55.296141688640304,0.5283425793371253,0.062988207603541,8,47.88617702692309,0.003103574117024675,0.398012210161258,0.601987789838742,54
25.246000000000002_55.303000000000004,25.246109194374462,55.303025007247925,0.5276337851064751,0.023100875677146172,8,49.77423869000004,0.004867365330825565,0.07163650270492308,0.928363497295077,55
25.244_55.306000000000004,25.243859232916307,55.306179225444794,0.5269258071173664,0.018440628036109852,14,48.945368840000015,0.002142588297525992,0.17896256623444728,0.8210374337655527,56
25.246000000000002_55.302,25.245985224861567,55.3019343316555,0.5264308735580726,0.04148228661779495,58,48.68366244200001,0.02471871942395903,0.2418747513382523,0.7581252486617477,57
25.25_55.309000000000005,25.24998809467423,55.30910267279698,0.5262204382942942,0.07171907469935083,39,49.51464445307693,0.18137006406430842,0.27170468191815234,0.7282953180818477,58
25.247_55.307500000000005,25.247115097060117,55.30730053782463,0.5258951767653623,0.005835543525299231,5,49.66884974000001,0.0017903645833332801,0.05128493132414639,0.9487150686758535,59
25.2525_55.3025,25.25242723684145,55.30266374349594,0.5257868400630783,0.0405305386489869,18,48.80133727500002,0.03842436237099724,0.23900710211859805,0.7609928978814019,60
25.2465_55.303000000000004,25.246526056626543,55.30296344648708,0.5255652115555118,0.025298709073511103,12,49.75388593454548,0.025814480251736088,0.07144288342408456,0.9285571165759154,61
25.245_55.311,25.245171454919905,55.310838259756565,0.5250267816824199,0.03095536109479382,12,49.14190499,0.002113766140407949,0.11269050174289276,0.8873094982571073,62
25.244_55.309000000000005,25.244168689999924,55.30896306037903,0.5249389131406926,0.05179369989963572,3,49.790189450000035,0.2512738144188596,0.3046176843475877,0.6953823156524123,63
25.2515_55.3025,25.251633678144614,55.30235451001387,0.5247118925366693,0.03835753901394826,26,48.43766140769232,0.007457244090544827,0.2708480704543937,0.7291519295456064,64
25.240000000000002_55.295500000000004,25.239958927818343,55.29561996459961,0.5242481251451466,0.08618258645427065,12,47.98046179400001,0.009321636623806384,0.3989753723144531,0.6010246276855469,65
25.248_55.303000000000004,25.247963373904113,55.302935809623904,0.5236294717167749,0.02224589183466467,41,49.449360057317094,0.09843312498676743,0.19921582436496968,0.8007841756350302,66
25.2465_55.302,25.246480967142222,55.302058358987175,0.5229529599625111,0.031185098373152437,42,48.7806076166667,0.002802874045397203,0.2168208856150937,0.7831791143849064,67
25.2435_55.298,25.24360853973399,55.29783248901367,0.5224672618813687,0.017722221420069264,6,48.931696760000044,0.0027389526367187,0.14878492002133967,0.8512150799786604,68
25.247500000000002_55.313,25.24750978271182,55.312908589839935,0.521991566288977,0.019005922060005932,12,49.52960611571431,0.029391536006221023,0.10117788163442457,0.8988221183655754,69
25.241500000000002_55.302,25.241616223065932,55.30209507261004,0.5203927402164795,0.02825029873211174,5,49.54938180285718,0.00511779785156244,0.06936475965711802,0.930635240342882,70
25.247_55.302,25.246816294952684,55.30221730470657,0.5201812067318689,0.013865972139233646,5,48.94365983,0.0009818183051214934,0.1917436387803819,0.8082563612196182,71
25.2535_55.304,25.253684919174834,55.30378460884094,0.5198651146320022,0.0022836291553385056,3,48.70952546000001,0.0005709330240885,0.23017332288953987,0.7698266771104602,72
25.2505_55.301500000000004,25.25048013447506,55.301569492920585,0.519790429238656,0.038869466006637585,22,48.68857151130437,0.013186079083066954,0.24341100425535928,0.7565889957446407,73
25.2495_55.309000000000005,25.249486484313937,55.30901436622326,0.5181939462324765,0.07336873346032713,39,49.54093691461539,0.2006256342613459,0.3112628969371828,0.6887371030628172,74
25.242_55.302,25.241814855529295,55.3019243478775,0.5174143776061141,0.03831452639685022,7,49.74784398000003,0.023277403816344196,0.09886621545862266,0.9011337845413774,75
25.2455_55.311,25.24546237644785,55.31106635928154,0.5138790627844642,0.027619609722944898,14,49.24551372125003,0.0028931148468501586,0.15012599803783272,0.8498740019621672,76
25.246000000000002_55.31,25.245989212218106,55.31008422374725,0.5132782339005004,0.024952718561746738,13,49.41679267538465,0.005499163244524523,0.13225966233473552,0.8677403376652644,77
25.253_55.3035,25.25300590625663,55.30339402811868,0.5130415537767311,0.018022444636102506,7,49.14971760714288,0.0034750075567335998,0.1768368312290736,0.8231631687709263,78
25.2515_55.302,25.251436416299374,55.3021212328564,0.512190074263758,0.03688717163862752,21,48.61351017090912,0.028021514731109424,0.30304748843414614,0.6969525115658539,79
25.241_55.3025,25.240883363877124,55.302536487579346,0.5114490850890112,0.03425647891654086,7,49.22991900500003,0.0009022061786954,0.14976671006944442,0.8502332899305556,80
25.2455_55.31,25.24543525384558,55.30994249017615,0.5102496714023068,0.03168010072597249,18,49.18624930210528,0.0436800733024691,0.21415353518480443,0.7858464648151956,81
25.246000000000002_55.3115,25.246003733371282,55.31145701184869,0.5101839977742119,0.04138277299573819,28,49.43409229343752,0.021489885118272527,0.13877116309271914,0.8612288369072808,82
25.245_55.310500000000005,25.244950763871415,55.3106116671716,0.5101589599646934,0.02942749997875291,37,49.353767100645186,0.009014119268386862,0.11893881873530364,0.8810611812646963,83
25.2485_55.3125,25.248466773257793,55.31242087483406,0.5099396850017591,0.023672361137942896,9,49.83918107000003,0.007641262478298577,0.07239702012803816,0.9276029798719619,84
25.247_55.3125,25.247028049959063,55.31247675418854,0.5095441869889799,0.06158681081606986,14,49.85566080928572,0.0770768665132068,0.14581274607824898,0.854187253921751,85
25.249_55.301,25.249080002569677,55.30082404613495,0.5089180440416408,0.060210142810335376,6,48.304300200000036,0.027467091878255162,0.28270443574881843,0.7172955642511815,86
25.2455_55.3115,25.245693859816125,55.31132251024246,0.5082431788871661,0.01272555479605401,4,49.31707851500004,0.013309478759765576,0.11778824417679395,0.8822117558232061,87
25.2485_55.3035,25.248683492948217,55.30329465866089,0.5074988525928767,0.007313300821019204,6,49.705878290000015,0.07664638095431853,0.1770519680447048,0.8229480319552952,88
25.241500000000002_55.301500000000004,25.241394994139764,55.30147598339961,0.5073954898819123,0.026455417797840573,7,49.21578680692309,0.0005760192871093501,0.1656415020978009,0.8343584979021991,89
25.2525_55.303000000000004,25.252604596167803,55.302881956100464,0.5072379073578589,0.04317916994766206,19,49.03944984050001,0.03156463444581502,0.23855512407090926,0.7614448759290908,90
25.247_55.308,25.246864465889114,55.308163839278464,0.505650135793523,0.04128430146490314,139,50.08020066014388,0.1459243066972203,0.1938379685655772,0.8061620314344228,91
25.242_55.3005,25.241900712515886,55.300453305244446,0.5046009557928571,0.01566438160999663,7,49.34442267500001,0.0006689646887400286,0.11331021344220193,0.8866897865577981,92
25.2455_55.302,25.24570032922336,55.302075147628784,0.5032511430853959,0.01618120664156067,5,48.53452283600001,0.00799840291341144,0.31603062947591143,0.6839693705240886,93
25.249_55.3035,25.24901204882187,55.30347955226898,0.501223995266922,0.02213356666957934,20,49.794575909000024,0.09184773763020829,0.19637114206949866,0.8036288579305013,94
25.251_55.302,25.251012870068458,55.30198728216106,0.5005572471626984,0.04381574730663115,28,48.92055872931036,0.009054955982026547,0.2520839501158031,0.747916049884197,95
25.246000000000002_55.3025,25.24594001999192,55.302491784095764,0.4980780959750115,0.04726346574086833,12,49.095192050000016,0.0037570176301178417,0.20929788660120077,0.7907021133987993,96
25.241_55.298500000000004,25.240916925184237,55.2986478805542,0.4980095880564948,0.04821303889254109,17,49.09766062000002,0.014150681838490553,0.23609613489221642,0.7639038651077836,97
25.2465_55.312,25.246525174365395,55.311997175216675,0.49678707186785487,0.05930401420153318,12,50.17802078600001,0.08870937206127022,0.11662235966435183,0.8833776403356483,98
25.248_55.3035,25.24805920993946,55.30351147055626,0.4966780737098017,0.022257592069610407,9,49.85684084000002,0.010332272376543179,0.10046019377531827,0.8995398062246817,99
25.244_55.3065,25.24412388883588,55.306298553943634,0.4965092129795697,0.01783283220281268,8,49.50489871400002,0.002379576365152952,0.15864410400390622,0.8413558959960937,100
25.2455_55.303000000000004,25.245555352287596,55.30303705887622,0.49561658901973854,0.030586548969676202,72,49.571669528795205,0.023509391502097764,0.1777791447109646,0.8222208552890354,101
25.2395_55.299,25.239594784186725,55.29899965971708,0.49557565291893424,0.0356678301976392,8,49.695410603750034,0.003127627902560725,0.11079862382676864,0.8892013761732314,102
25.247_55.3025,25.247041566237435,55.30237555503845,0.4952699799552339,0.02830357569354006,21,49.02599749035718,0.0038605341835627003,0.22581204913911362,0.7741879508608863,103
25.237000000000002_55.3025,25.23690998869172,55.302510261535645,0.49328933024107624,0.03505787838780364,14,49.84886546000002,0.0157186114598834,0.14704772572458524,0.8529522742754148,104
25.241500000000002_55.2965,25.24148681298646,55.296553923533516,0.49309433406003095,0.0489883769543894,12,48.41767913692311,0.007241355048285533,0.3655567658253205,0.6344432341746795,105
25.2505_55.302,25.25053529799789,55.301880687475204,0.4925520395788623,0.010432492804008412,4,49.03680087500001,0.004578908284505175,0.25609334309895837,0.7439066569010416,106
25.247_55.3085,25.247056468780382,55.30831199884415,0.49189523326648654,0.0496181825312859,30,49.88224812199999,0.14429667437518082,0.2655364990234375,0.7344635009765625,107
25.247500000000002_55.3035,25.24743751700608,55.30348968916926,0.49149426737265445,0.01821117711076212,10,50.10896892448279,0.001893954806857607,0.08100218791157804,0.9189978120884219,108
25.2365_55.303000000000004,25.23666170738945,55.303096771240234,0.49015971874092285,0.030082419322410837,4,49.83918107000002,0.0010566711425780916,0.10386563524787805,0.896134364752122,109
25.2395_55.296,25.239585272583117,55.29607740315524,0.49006168645656795,0.06192010757205142,33,47.85828311545454,0.014359715008976435,0.4774992201063368,0.5225007798936633,110
25.247_55.3065,25.247102827380505,55.30657989328558,0.48969157742364766,0.03618434797085575,37,49.32100923800001,0.038067104580166065,0.1758288759173769,0.8241711240826232,111
25.2455_55.3025,25.245636248701228,55.30256071995045,0.4889641877643166,0.02831939154606214,26,49.18586779896554,0.007901666586291099,0.23225216638474233,0.7677478336152577,112
25.246000000000002_55.311,25.2460630191033,55.31111463904381,0.4888412662806318,0.03296264681958128,5,49.79446197500002,0.00271809895833328,0.09358921757450807,0.906410782425492,113
25.2465_55.3005,25.246577081784693,55.30049800872803,0.488720628666883,0.028917107599315428,45,49.022725726603795,0.009627165617766154,0.2688117597088124,0.7311882402911877,114
25.246000000000002_55.301,25.246137385904646,55.30105095643263,0.4885900220838489,0.03211400154480458,13,48.58739697615387,0.018748063307542032,0.3606041150215344,0.6393958849784656,115
25.2495_55.3115,25.249504274600906,55.311510264873505,0.48760019409861494,0.017430989612967504,8,50.11604069000001,0.02621014912923173,0.07203631930881071,0.9279636806911893,116
25.248_55.3085,25.24799406427659,55.308566737174985,0.48693065011438974,0.06010890445217282,50,49.705160505800016,0.1341664377848307,0.2991699812147352,0.7008300187852647,117
25.2365_55.3035,25.236367058011783,55.30352473258972,0.4865786576518776,0.023762502872530285,14,50.214023930000025,0.0014403812468997555,0.0715225596486786,0.9284774403513213,118
25.25_55.310500000000005,25.250016335074612,55.31045230535361,0.4838937816417126,0.07176945586009528,3,50.3762045969231,0.010064358181423585,0.19626101098879414,0.8037389890112059,119
25.2425_55.300000000000004,25.24263026773226,55.30006446621635,0.48371668290313935,0.040362671853933454,10,49.73648510545456,0.00084262424045136,0.14427123406920767,0.8557287659307924,120
25.246000000000002_55.3065,25.246029521440093,55.30629611932314,0.4825550020990057,0.030554205179355216,4,49.3643392146154,0.0006493462456596611,0.24453578851161858,0.7554642114883815,121
25.2455_55.3065,25.245413018276317,55.306539492947714,0.48156962975015183,0.025140663582830125,5,50.02351000571431,0.0011308458116319,0.08523717002263141,0.9147628299773686,122
25.2425_55.3005,25.242561553246258,55.300498604774475,0.4812994373959105,0.034071340446543266,18,50.23776018000002,0.012435630515769628,0.08946491759500383,0.9105350824049963,123
25.2465_55.307,25.24650976209814,55.30710129176869,0.48123549020710443,0.01575054553591671,5,49.54060697000001,0.003045315212673578,0.17012652228860292,0.8298734777113971,124
25.2395_55.300000000000004,25.23963847810568,55.29994024680211,0.48054075149434144,0.027683526531873153,16,49.12205418153848,0.0068047841389973435,0.21303134494357637,0.7869686550564237,125
25.247500000000002_55.307500000000005,25.247448439863994,55.30739946024759,0.47958771318944643,0.035923583648988185,11,49.98216824000002,0.005336877071496168,0.12998873594576715,0.8700112640542328,126
25.253_55.303000000000004,25.252985979411342,55.30302675706999,0.4785413991657332,0.04308473888716034,27,49.49097028250001,0.03782071400081176,0.25667367662702284,0.7433263233729771,127
25.245_55.31,25.245058974999417,55.30993645841425,0.47763518837595187,0.05906283712817061,10,49.41255002818183,0.0597906596758212,0.28859973726977317,0.7114002627302268,128
25.247500000000002_55.303000000000004,25.24754825190284,55.30293192182268,0.47716940508987005,0.014427153493817537,6,49.83991350285716,0.045669485021520496,0.20358233981662324,0.7964176601833767,129
25.251_55.308,25.251078809931236,55.30796667803889,0.4766813706560007,0.07122707859422982,8,49.7451112152174,0.0021008222531049277,0.21796134666160297,0.7820386533383971,130
25.2365_55.304,25.236466532501627,55.303864959747564,0.47591528231837044,0.015461484991296263,22,50.07331544,0.003350922555634427,0.10254748491403448,0.8974525150859656,131
25.248_55.3005,25.248038993379843,55.30035209655762,0.47480145816145936,0.04629868628380397,4,49.84225728800002,0.0103543599446614,0.14659144083658854,0.8534085591634115,132
25.254_55.3055,25.25415982157381,55.305603593587875,0.47439893193241445,0.03593596544902885,17,49.34621713550001,0.005467857410705134,0.24555666181776256,0.7544433381822374,133
25.249_55.312,25.24897541686994,55.3119532763958,0.4740218576637915,0.03221955232786049,7,50.129712770000005,0.02245391361297119,0.167133472583912,0.8328665274160879,134
25.2465_55.31,25.24639235046919,55.310194194316864,0.47367461171939396,0.017087230843679944,8,49.95774363875003,0.0074286990695529125,0.1541074117024739,0.8458925882975261,135
25.2495_55.310500000000005,25.24952314309247,55.31033992767334,0.4733746146528192,0.0518932670318708,8,49.807849220000016,0.047824011908637123,0.23273232542438269,0.7672676745756174,136
25.247500000000002_55.3025,25.24747794450203,55.30261409282684,0.47312695791600917,0.022888515901679434,23,49.485472967000035,0.005517397525805745,0.22027672661675346,0.7797232733832465,137
25.244500000000002_55.31,25.24434660050905,55.310052037239075,0.4720893554906251,0.03630497111849954,3,49.983877250000006,0.11180532355057564,0.2688571193761992,0.7311428806238007,138
25.245_55.298500000000004,25.245027680333717,55.298550724983215,0.47192516852082794,0.04185860074796243,19,49.63374007842106,0.014429125869483242,0.22275884527909123,0.7772411547209087,139
25.249_55.3005,25.248918076053748,55.300646261735395,0.4693771791163575,0.0530394574832292,9,48.72801384090913,0.040454581931785256,0.38606508813723167,0.6139349118627684,140
25.243000000000002_55.300000000000004,25.242960197887232,55.29996548707668,0.4688726396467963,0.017063508287091987,17,49.75662274076925,0.001927992876838194,0.20283247466780183,0.7971675253321983,141
25.248_55.3125,25.24816595284564,55.31266003847122,0.467863199162815,0.022302354507035535,4,50.17158351500003,0.00615268283420135,0.09013366699218749,0.9098663330078125,142
25.2515_55.306000000000004,25.25128551367881,55.30585639178753,0.4676114945294279,0.0026785164616113188,8,49.85563029125,0.027242183685302686,0.21084594726562497,0.789154052734375,143
25.2525_55.307500000000005,25.252426768024353,55.30755058578823,0.4674344081339153,0.04619459782478488,19,48.96112145391307,0.011354234483506899,0.3287055711239432,0.6712944288760567,144
25.247_55.3035,25.247092573369486,55.303449385306415,0.46688691442028335,0.01859653747597582,6,50.20159172,0.0013275146484374668,0.08822701647390724,0.9117729835260927,145
25.2505_55.309000000000005,25.250461307187997,55.30915550887585,0.4667069036475695,0.058069290300572424,16,50.08955103500002,0.17480402522616914,0.3352349069383409,0.6647650930616591,146
25.2545_55.3055,25.254349168718058,55.30541759270888,0.4659651417430143,0.051459199779580786,14,49.41284880615386,0.0025771610320559904,0.2231661478678385,0.7768338521321615,147
25.242_55.297000000000004,25.24202269127541,55.29690772294998,0.46579447959174847,0.031618904956714676,18,48.96540223499999,0.007645218460648089,0.34824519687228733,0.6517548031277127,148
25.2435_55.3005,25.243646278533973,55.300291776657104,0.4650051990406103,0.013977907077300811,3,49.97837044000002,0.0009437843605323666,0.19437983006606865,0.8056201699339314,149
25.2535_55.3035,25.253523443537723,55.30344101098868,0.46485355826734553,0.05130130549480898,25,49.421919705384646,0.01765029907226558,0.2754111493754591,0.7245888506245409,150
25.25_55.3095,25.25008341312827,55.309306383132935,0.4635962613974382,0.026261050204352893,11,49.586092225454564,0.07804623998776826,0.3247146991768268,0.6752853008231732,151
25.2455_55.307,25.24558118440199,55.306819677352905,0.46353785730979274,0.023412140309094658,4,50.143384850000025,0.0015472412109374602,0.08465237087673609,0.915347629123264,152
25.244_55.3095,25.24398269235974,55.30949950218201,0.4626195234224233,0.061494004340028434,3,49.66600139000001,0.11352324904057014,0.3527018229166667,0.6472981770833334,153
25.246000000000002_55.3035,25.245976105676167,55.30359714530235,0.460844774071841,0.023441328391498935,30,50.30196508023258,0.007299691659432828,0.1285637355282017,0.8714362644717983,154
25.245_55.306000000000004,25.244976106203403,55.30605741169142,0.46010378688648235,0.035477452578149105,14,49.874104317826095,0.014270146687825471,0.1969978221948596,0.8030021778051405,155
25.244500000000002_55.310500000000005,25.244669611372252,55.31043597630092,0.4597057204389107,0.024937533051072804,7,49.62091607857145,0.035752291189399224,0.28332541520732984,0.7166745847926702,156
25.254_55.306000000000004,25.25400917587261,55.30600941181183,0.4590006209574914,0.042377264747608494,26,49.501907946500026,0.007507716677316382,0.24656785926927527,0.7534321407307247,157
25.251_55.306000000000004,25.251210512540016,55.30610799789429,0.45776750908835584,0.008401750055937225,9,49.74480574000002,0.011282744231047389,0.24056879679361975,0.7594312032063804,158
25.235_55.304500000000004,25.235174753817788,55.30447060411627,0.4576298496663379,0.06445317867546593,31,50.34007636454548,0.009072274497923118,0.13202313948028074,0.8679768605197192,159
25.247500000000002_55.3065,25.247436309891377,55.30669237886156,0.4568873700918213,0.055519118642303945,14,49.77277382428573,0.06104218013702873,0.2929502214704241,0.7070497785295758,160
25.2435_55.300000000000004,25.243396797949245,55.3001506626606,0.4561382883218828,0.01533590855311908,10,49.83448129250002,0.00177018907335064,0.21766620212131074,0.7823337978786893,161
25.2405_55.3025,25.240494294442282,55.302693486213684,0.4558079889898049,0.047851171693345226,8,49.711574990000024,0.0030129750569661126,0.2248192681206597,0.7751807318793402,162
25.25_55.312,25.25005944215303,55.312090412928505,0.45352683377222985,0.03690120976538656,46,49.597093230384644,0.006761099405334727,0.2722487082848182,0.7277512917151818,163
25.240000000000002_55.3025,25.24003762709052,55.3025392975126,0.4529608450562806,0.03984249709489269,16,50.446286527142874,0.0059816572401258285,0.1213340153769841,0.878665984623016,164
25.2495_55.31,25.249331223609136,55.31021296977997,0.4523621833092017,0.006493437853205365,3,49.813545920000024,0.0053682680483217,0.23763925057870372,0.7623607494212963,165
25.248_55.304,25.24787857560994,55.30403885990381,0.45223654861558543,0.037998129585613695,16,50.145841551875016,0.009152730305989544,0.1847681469387478,0.8152318530612522,166
25.248_55.313,25.247900227477356,55.31289678812027,0.45007376714370523,0.033072705706157966,8,50.19431334800002,0.023342556423611077,0.16834682888454858,0.8316531711154515,167
25.2395_55.2965,25.239417153826295,55.2963840007782,0.44973750044194555,0.037682517451763084,148,47.882524127600036,0.004395610935337144,0.5776599573206018,0.4223400426793981,168
25.241500000000002_55.301,25.2415938105423,55.30100727081299,0.4491214247370834,0.040304710040802175,11,49.28614543400003,0.0013910158716066545,0.30548717357494215,0.6945128264250578,169
25.239_55.298,25.238795669907415,55.29779863357544,0.44890644750414843,0.08256474173952731,4,49.59137462000001,0.003135893079969575,0.29901869032118056,0.7009813096788194,170
25.2505_55.312,25.250426559329725,55.311909072539386,0.44838213944238964,0.03620803139182908,32,49.27867605500001,0.010114974445766818,0.33583353080001527,0.6641664691999847,171
25.2395_55.295500000000004,25.239720842618627,55.295671820640564,0.44755910510336006,0.00599309459891592,3,48.58989475999999,0.02128134833441837,0.4801885816786024,0.5198114183213977,172
25.2465_55.313,25.246606849970487,55.31291484832764,0.44711391082837726,0.047598241837661016,6,49.74319167500001,0.0008705986870659333,0.259841071234809,0.740158928765191,173
25.2435_55.2975,25.243431167248428,55.29767498373985,0.44704739780383107,0.04484823085488686,8,49.25968426250002,0.0029850006103515126,0.2662301593356662,0.7337698406643338,174
25.2465_55.310500000000005,25.246445829702452,55.310439853107226,0.4462910274674729,0.03759743943720379,13,50.27618498000003,0.010190654004740885,0.1426900227864583,0.8573099772135417,175
25.247_55.300000000000004,25.246859443064377,55.29993551118033,0.44584087722149196,0.03292149026382312,26,49.907724578214314,0.010352354783278197,0.23105090005057197,0.7689490999494281,176
25.2455_55.3095,25.245346776189592,55.30944621562958,0.44575404485520204,0.023793326177456883,15,49.32613626800002,0.02463240446867761,0.3618748135036892,0.6381251864963108,177
25.2535_55.3065,25.25364079152807,55.30656261103494,0.44566303065373525,0.028300744761807904,18,49.759101744285715,0.0030564908628110056,0.27095092289031497,0.729049077109685,178
25.2495_55.304,25.249620720088775,55.30383516441692,0.4446121202855872,0.005712608950019097,11,50.44929764000001,0.11992506547407666,0.2759072274872751,0.7240927725127249,179
25.242_55.2965,25.24185744706814,55.29666781425476,0.4432384614032089,0.021572149054964948,4,49.11114280999999,0.011896133422851524,0.39219315846761066,0.6078068415323894,180
25.2515_55.311,25.251418487088333,55.31092917665522,0.44244566416632697,0.05477107696336143,47,49.67366163340426,0.022226509473002514,0.3086623514234033,0.6913376485765966,181
25.247500000000002_55.305,25.247585521549425,55.304985963381256,0.44217239172581363,0.02818563756352004,12,50.45955170000001,0.003954569498697883,0.14212244800013352,0.8578775519998665,182
25.2435_55.304500000000004,25.2434162425208,55.304389070756365,0.4417717314064708,0.059464031757481585,101,49.996240781089114,0.07007636646232979,0.30747391603173985,0.6925260839682601,183
25.2425_55.297000000000004,25.242458096893806,55.29709357964365,0.44047773893088554,0.0279789817804389,19,49.46005069368422,0.007703279194078901,0.3352129082930715,0.6647870917069284,184
25.2465_55.300000000000004,25.246670936937885,55.300012081861496,0.4390086767725954,0.02097768118593424,22,49.61287966250003,0.011139956387606474,0.2889833450317382,0.7110166549682617,185
25.2455_55.3035,25.24549965466823,55.303521791230075,0.4387582247847464,0.044465948916351215,88,49.94032845532611,0.042256350469107536,0.2870181724069199,0.7129818275930802,186
25.243000000000002_55.2975,25.24301848209167,55.29743995517492,0.4382925888403612,0.042256945643219246,31,49.54704717312501,0.0060228737451696445,0.3193703889846801,0.6806296110153198,187
25.2405_55.299,25.2405970814074,55.29898479580879,0.4382788374061962,0.02676169786015638,7,49.83234503,0.0055348229786705725,0.233359866672092,0.766640133327908,188
25.244500000000002_55.306000000000004,25.244691445790895,55.306019144398824,0.4375974230569207,0.023619734034549457,14,49.74518552000002,0.016042981828962008,0.3033646174839565,0.6966353825160435,189
25.245_55.3055,25.244830839252153,55.305490136146545,0.4370940142664684,0.011021153623079628,20,49.294861385000026,0.009654808044433555,0.3755553563435872,0.6244446436564128,190
25.25_55.3125,25.249866710656022,55.31236374378204,0.436208040712504,0.04039837790482094,28,49.65905141600001,0.012511147393120618,0.3200143884729456,0.6799856115270545,191
25.2405_55.2995,25.240346462392928,55.29942083358765,0.43593755603231704,0.01891641122985874,6,50.20149119000003,0.004616348831741882,0.21345231797960068,0.7865476820203993,192
25.251_55.311,25.251125928970932,55.311138689517975,0.43555685339079253,0.05999228594813589,27,49.592912729000005,0.014339310782296262,0.31602485335192915,0.6839751466480709,193
25.2425_55.301,25.24233869620148,55.30091838403182,0.43453354013740686,0.033986291171089554,9,50.169175364545474,0.0032627435378086,0.24305123993844696,0.7569487600615531,194
25.2525_55.3085,25.25269563823375,55.30861847540911,0.4342082798920292,0.02940284244792865,14,49.53809372000004,0.01842244466145829,0.35564898821263524,0.6443510117873648,195
25.240000000000002_55.300000000000004,25.239902551276263,55.30004124172398,0.4337496935211473,0.03315495538727584,30,49.64889261229509,0.003926595052083306,0.3158060987573287,0.6841939012426713,196
25.2485_55.3085,25.248464578303096,55.308665718351094,0.43369303641656726,0.0528843540429656,28,50.34584149892861,0.1260198260110522,0.33167183588421534,0.6683281641157847,197
25.237000000000002_55.304,25.23698732798531,55.30396225235679,0.4334522196233926,0.027985470074892015,38,50.08040006327275,0.0027571449502866462,0.20411903304283063,0.7958809669571694,198
25.247_55.313,25.24686697139565,55.31316041946411,0.43220516009561594,0.0391623558919399,8,49.67967347,0.0003773371378580271,0.2892747101960358,0.7107252898039642,199
25.242_55.307,25.242192248457297,55.30677080154419,0.4312305434380093,0.08502286560749822,3,49.861398200000025,0.03987154566875737,0.32767792836546744,0.6723220716345325,200
25.2535_55.303000000000004,25.253311739835773,55.30322581529617,0.4311643456536767,0.031437586639665574,4,49.91095948999998,0.04120106167263453,0.3207688861423068,0.6792311138576932,201
25.251_55.3115,25.250864215948422,55.31140469587766,0.4310727210390988,0.04382644023924424,62,49.6584992743077,0.015123866364947313,0.32832211225460733,0.6716778877453926,202
25.244_55.3005,25.244005874619116,55.30047833919525,0.430875429924065,0.014541874280830373,14,50.22446788,0.00300961449032734,0.2363465862509645,0.7636534137490355,203
25.2465_55.3035,25.24643340799819,55.30355339464934,0.4308477347083596,0.061454651418434425,20,50.56342978608698,0.02578269110785585,0.20867617694652021,0.7913238230534797,204
25.2455_55.299,25.245548945179195,55.298894906044005,0.43042024069762824,0.04024225234323634,25,49.70485288400002,0.018040240459332776,0.3330320602645493,0.6669679397354507,205
25.247500000000002_55.300000000000004,25.2475397263223,55.29999214410782,0.4298645190266763,0.05270240046930713,10,50.29873385900002,0.023230616251627558,0.23775736490885416,0.7622426350911459,206
25.247_55.306000000000004,25.247204454543652,55.306081026792526,0.4292008946038913,0.030070331882979865,4,50.32753067750003,0.03241560194227425,0.24477640787760419,0.7552235921223958,207
25.2535_55.307,25.253521682953398,55.30699548513993,0.42773596621236903,0.047959516210454634,34,49.97961710913046,0.05394475600298709,0.3286485165213617,0.6713514834786383,208
25.242_55.301500000000004,25.242019302499823,55.30151878084455,0.42751977657149465,0.05109635061047533,12,49.96894375785716,0.0425547847041377,0.33582838754805305,0.6641716124519469,209
25.244500000000002_55.3005,25.24435630471038,55.300644636154175,0.4274238361355658,0.014414137332019718,7,50.11167322000003,0.003801618303571386,0.24968163761091822,0.7503183623890819,210
25.239_55.302,25.238993199717527,55.302187129855156,0.4274057661059758,0.024590183398099194,17,50.04411985250002,0.0034112867966196547,0.26077319957591866,0.7392268004240813,211
25.2505_55.304500000000004,25.250493702209646,55.30445524832098,0.4271523086896636,0.021653769688623852,41,50.79981142268294,0.09824545015164504,0.2414250567676575,0.7585749432323425,212
25.2425_55.2975,25.24264253058876,55.29729223251343,0.427127022821615,0.025730833683898273,5,49.54318053800002,0.01000366210937496,0.3615292867024739,0.638470713297526,213
25.244_55.301,25.244201037385242,55.30111062526703,0.4264575036615156,0.0455921748968162,5,51.15853679,0.01807691786024302,0.09333190917968745,0.9066680908203125,214
25.247500000000002_55.304,25.247484945218368,55.30409267970494,0.425797804232401,0.0374503285972659,39,50.226556670000015,0.03767955812633544,0.2718289087689112,0.7281710912310888,215
25.236_55.305,25.236094628988145,55.30476233788899,0.4255067627632578,0.05652061836277505,14,49.27996858357144,0.020008499350956242,0.42261497717143415,0.5773850228285659,216
25.241500000000002_55.303000000000004,25.241515586948776,55.30299465764653,0.42497287873287043,0.03887577173440653,18,50.220057253181835,0.0018935968846450222,0.23926837034899776,0.7607316296510022,217
25.253_55.3085,25.25290839132079,55.308444224871124,0.42394764732892837,0.040102741928433404,34,49.50114765615386,0.04121720557119328,0.3932584778875367,0.6067415221124632,218
25.2505_55.3115,25.250606596588995,55.31160287740754,0.4239149620745011,0.03712985269584717,38,49.949099591219515,0.010848396702816565,0.29004064420374426,0.7099593557962557,219
25.2395_55.3025,25.239509262460846,55.30238024890423,0.42344867622095406,0.044488262796882914,14,50.76418273250003,0.007561456589471678,0.14068624708387584,0.8593137529161242,220
25.242_55.3055,25.24201325645693,55.30556857585907,0.4227554027337645,0.057044341924784865,9,49.97552209000003,0.06224060058593745,0.35677125718858504,0.643228742811415,221
25.249_55.3135,25.24887992398997,55.313284595807396,0.4221629555462006,0.026549369838459413,134,50.28171338533338,0.009319817841942584,0.24876823268309542,0.7512317673169046,222
25.247500000000002_55.307,25.247557132792537,55.30679751187563,0.4216666061863393,0.037034958382116984,16,49.98337878875002,0.02646160125732417,0.3191958533393012,0.6808041466606988,223
25.2375_55.302,25.237426560560344,55.302104032956635,0.4214258492840931,0.02959578562550212,39,50.38133162692309,0.0948173544685385,0.3262928367679954,0.6737071632320045,224
25.2485_55.31,25.2486763101953,55.3099848242367,0.42130428966041084,0.03162101057675272,13,50.41139783000001,0.005195813301282021,0.22010942845562703,0.779890571544373,225
25.251_55.3065,25.25113421515718,55.306498268071344,0.42097336032156185,0.01743501868024797,17,50.33549768000001,0.005790112065333895,0.23764015646541814,0.7623598435345817,226
25.247_55.2995,25.247167776729803,55.299652703737806,0.42082070548926487,0.03163773783788262,109,50.66784815610171,0.004701577438370001,0.18221777576511186,0.8177822242348881,227
25.247500000000002_55.304500000000004,25.247704901329445,55.30448147228786,0.419962085459364,0.034969930985399814,14,50.23200922571429,0.007044474283854129,0.25978161039806547,0.7402183896019345,228
25.2495_55.3035,25.249373812521977,55.3036904335022,0.41952558993333544,0.006217633283437519,9,50.61146370000002,0.07858205724645541,0.2741302207664207,0.7258697792335793,229
25.2365_55.305,25.236464712872912,55.30478820204735,0.4194349882729782,0.03462979928427056,8,49.433291195000024,0.0153740605800841,0.4083885781650568,0.5916114218349432,230
25.247500000000002_55.3135,25.247379751993698,55.313652773057264,0.41892031092591075,0.04860225249020235,25,50.134288506451625,0.003384419759114527,0.26098991786954623,0.7390100821304537,231
25.2455_55.309000000000005,25.245463481366357,55.309069600216176,0.41887915002708853,0.049751342975245985,42,49.96588627651163,0.0702892769813803,0.37984597538014614,0.6201540246198539,232
25.245_55.3065,25.244990457825413,55.3066088123755,0.4188274807020652,0.025889683964169168,27,50.48327068727275,0.007406091177335307,0.12354281299003134,0.8764571870099687,233
25.251_55.309000000000005,25.251024174062348,55.309059619903564,0.4186326133947659,0.048656849425606725,15,50.4209132130435,0.11827878598813653,0.2803878599894795,0.7196121400105204,234
25.253_55.307500000000005,25.253131583034254,55.307533758528095,0.41840706095418745,0.029090345309036213,33,50.23014224000002,0.0033746456056331095,0.2618814979503357,0.7381185020496643,235
25.254_55.3065,25.253863389598056,55.30650979088199,0.41822419653935833,0.046286069909896393,24,49.891112922258095,0.004146711561414899,0.31224572923448346,0.6877542707655165,236
25.2455_55.298500000000004,25.2454634608314,55.298661427064374,0.41802765748115606,0.034541887902171726,11,49.98413619090911,0.014553570988202301,0.3163723801121567,0.6836276198878433,237
25.249_55.309000000000005,25.248981683931063,55.30891701579094,0.41780647360559736,0.0535672551527213,48,50.424516995000026,0.1025380381831416,0.33766226415280937,0.6623377358471906,238
25.243000000000002_55.303000000000004,25.243174205888568,55.30309371650219,0.41746386499146637,0.005666667012916403,3,50.94127889375001,0.09212070041232638,0.1233200497097439,0.8766799502902561,239
25.237000000000002_55.302,25.237097583629758,55.30195563543038,0.41733527941269966,0.05495427953241148,60,50.278900938032805,0.05488763032136136,0.3091118470350032,0.6908881529649967,240
25.243000000000002_55.3065,25.242910909157313,55.306697487831116,0.4166600861743849,0.014984919105804196,9,49.747274310000016,0.012143029106987788,0.35853788587782115,0.6414621141221788,241
25.254_55.3035,25.253948529421205,55.30363243818283,0.41218362239164674,0.06377447252932009,20,50.128516463000025,0.010022269354926169,0.3031530804104275,0.6968469195895726,242
25.251_55.307,25.251034128278153,55.307000018656254,0.4121286420767283,0.011110915066482898,16,50.65245620375001,0.004170815149943,0.20638958613077796,0.793610413869222,243
25.243000000000002_55.3035,25.242962794431882,55.303510246069536,0.4117089062954988,0.029217786405779843,41,50.46783668326089,0.045932304568406974,0.2762683739408779,0.7237316260591221,244
25.2495_55.3125,25.249536235511815,55.312557220458984,0.4116688339524001,0.04134411784661185,57,50.11869915000002,0.004262005841290464,0.2926184571819541,0.707381542818046,245
25.2425_55.3065,25.242462718405925,55.306646670064616,0.41106790531848847,0.036048089035977615,31,49.54098638967744,0.006442669094562284,0.4038770769373379,0.5961229230626621,246
25.249_55.3095,25.248867057415126,55.30947893857956,0.41075729159706764,0.05119840051562225,9,50.439613250000015,0.004388314706307823,0.22221713595920137,0.7777828640407987,247
25.246000000000002_55.299,25.245974656118168,55.29907272412227,0.4106700338174971,0.041805204970172226,37,49.88313330153848,0.010256661816185059,0.33711529753531194,0.6628847024646881,248
25.239_55.297000000000004,25.239072990363287,55.29702594746714,0.41065674578799677,0.06094940481791507,45,48.858283634782616,0.006300288070867045,0.5144080931437764,0.48559190685622355,249
25.2465_55.308,25.246503187106317,55.3080803877429,0.40995318024769933,0.07266390902700484,190,50.552108083684224,0.13720176429079287,0.37616766321728795,0.623832336782712,250
25.247500000000002_55.3055,25.24743100479519,55.30549847162687,0.4090947622748992,0.029676269337333253,13,50.27353253461537,0.025942810580261703,0.30443331726595885,0.6955666827340411,251
25.243000000000002_55.304,25.24286063540562,55.304036885499954,0.40889897875689185,0.03614480743971793,32,50.31347881750001,0.02456115351782901,0.29234279820948467,0.7076572017905153,252
25.248_55.300000000000004,25.247982505651745,55.30011739672684,0.4087268227546695,0.01811484498294439,120,50.071300753414675,0.035035887994488375,0.34775197788362755,0.6522480221163725,253
25.237000000000002_55.3035,25.237170130872215,55.30361920595169,0.40797517482572365,0.0065464175153026145,4,50.23054436000001,0.0007397333780924168,0.28394889831542963,0.7160511016845703,254
25.239_55.3025,25.23883903750136,55.302436826750636,0.40789509779780625,0.02323419470414577,59,50.52420034390629,0.008031123102047982,0.24218368530273435,0.7578163146972656,255
25.247_55.3135,25.247120438509473,55.31342371513969,0.40769525891785724,0.05354138167646302,16,49.85366268105265,0.003286818732992193,0.34736314505274457,0.6526368549472554,256
25.2455_55.304500000000004,25.245285882818866,55.30440017580986,0.40742939476863804,0.046355199566096,12,50.24421644000001,0.01601628903989434,0.303343101784035,0.696656898215965,257
25.244_55.31,25.244110464670438,55.30992150306702,0.40734542399865337,0.02392987353155411,3,49.8557015,0.0091701083713107,0.3631570604112413,0.6368429395887587,258
25.254_55.304,25.254085700615132,55.30394367196343,0.4065924249708584,0.05695610495292737,16,50.177720414545476,0.0015832848019069672,0.27980796736900254,0.7201920326309975,259
25.2535_55.307500000000005,25.25338278317946,55.30745508415358,0.40655643129086777,0.0723766515061465,24,50.24110360035717,0.10776754661842625,0.38960066295805434,0.6103993370419457,260
25.249_55.31,25.248932962594694,55.31013920903206,0.40646432209956807,0.028487990328002647,5,50.249343470000014,0.00135158962673606,0.24592816388165506,0.7540718361183449,261
25.2495_55.313,25.24939510690126,55.31288802623749,0.4056787086678652,0.023214038344336094,17,49.78980967000002,0.008814593545751582,0.3770742063169126,0.6229257936830874,262
25.252_55.311,25.251792730401775,55.31079053878784,0.4053399718250493,0.0013260577666338858,3,49.5537764,0.023652394612630166,0.43695110744900173,0.5630488925509983,263
25.2455_55.3085,25.2455829978338,55.30848733403466,0.4034822674092021,0.037660403537224274,22,50.822017184545466,0.10420729755277898,0.31177207707471505,0.6882279229252849,264
25.253_55.309000000000005,25.25285587727127,55.309002846479416,0.4034131995020327,0.053441601495503664,20,49.53611663000003,0.038747406005859325,0.4269510904947917,0.5730489095052084,265
25.25_55.307,25.249785684280365,55.30691295862198,0.4031765612197789,0.029946343312617293,6,51.76466567000002,0.09110146981698493,0.13543644657841436,0.8645635534215858,266
25.243000000000002_55.297000000000004,25.242872361462158,55.29719263315201,0.4022446986494539,0.02437312607917862,6,49.819812290000016,0.003083546956380133,0.37723837958441836,0.6227616204155816,267
25.25_55.304,25.250009355845584,55.30406990647316,0.4020736573337335,0.024329775355162463,20,50.515692678500024,0.05605335235595699,0.3157690684000651,0.6842309315999349,268
25.245_55.305,25.244942525259194,55.30491858178919,0.4017906243456916,0.05067264573779627,55,50.140961163090914,0.020788474034781363,0.34253259523950436,0.6574674047604956,269
25.251_55.307500000000005,25.250901897882628,55.30749163206886,0.40141677300667267,0.01301260938991588,16,50.70383960000001,0.001950263977050725,0.22588101555319387,0.774118984446806,270
25.247_55.304,25.24690917605926,55.30391399349485,0.401359828883034,0.042642261693185225,50,50.46992783214288,0.02953413221571177,0.2910237690759083,0.7089762309240916,271
25.239_55.2965,25.239215880344567,55.296677470207214,0.40063250284816043,0.01910351590885982,5,48.69004274600002,0.00798772176106764,0.5823554992675781,0.4176445007324219,272
25.2535_55.308,25.253278990568447,55.30783474445343,0.40012027403885225,0.08982951633612726,3,50.330806280000026,0.07256613837348086,0.37143283420138884,0.6285671657986112,273
25.25_55.3065,25.249864123044272,55.3065150976181,0.4000500620063601,0.038346859804633,12,51.61256378000004,0.08968890154803237,0.16908574987340852,0.8309142501265915,274
25.236_55.304500000000004,25.235913822475638,55.30466265403307,0.3996551430423859,0.06867957980336534,52,49.652208802884644,0.010190239918077704,0.42139543004743063,0.5786045699525694,275
25.2455_55.304,25.24532542134754,55.30405500105449,0.39894456715134197,0.028551566572369555,56,50.25965856607144,0.05306104629758801,0.36563918704078313,0.634360812959217,276
25.247500000000002_55.2995,25.247313624203624,55.29970541596413,0.3987436305759761,0.019867589698608946,4,50.893640240000025,0.010254436069064624,0.20966540442572695,0.790334595574273,277
25.2485_55.3005,25.248459936411837,55.30041120269082,0.39845138469436614,0.03874993349540297,25,49.88558328090912,0.0334200541178385,0.3466592011628327,0.6533407988371672,278
25.244500000000002_55.304500000000004,25.244437172947634,55.304681181907654,0.39740559032866496,0.03887025434609583,30,50.84208510500003,0.053086174858940925,0.26947426972565824,0.7305257302743418,279
25.2375_55.2995,25.237691414836668,55.29953394617353,0.3963016354952905,0.06832322962520612,7,50.09943887857144,0.006212688627697115,0.349364507765997,0.650635492234003,280
25.2525_55.309000000000005,25.252525536121258,55.30895030889355,0.39628574472512296,0.04161635444639451,60,50.32179428737709,0.011840813248245758,0.3159225338795146,0.6840774661204854,281
25.242_55.303000000000004,25.24194963878444,55.30314803123474,0.3955817901530314,0.01318340172013059,12,50.474704922000015,0.0019611782497829418,0.27471053512008103,0.725289464879919,282
25.238_55.304500000000004,25.23802670191092,55.3043815650438,0.3948543703936153,0.04161149956372991,19,51.125076173157915,0.10188193070261098,0.2815264428568165,0.7184735571431835,283
25.25_55.311,25.25005658077643,55.31104534864426,0.39462304245976443,0.03135260472398264,7,50.449867309999995,0.014486888098338271,0.2368941130461516,0.7631058869538484,284
25.243000000000002_55.304500000000004,25.243011860894025,55.30428685247898,0.39327689160008333,0.040247115476642406,24,49.91074586375001,0.05639611350165469,0.44575850168863934,0.5542414983113607,285
25.246000000000002_55.2995,25.246120217182085,55.299308345868035,0.3926895875178138,0.037741125969266646,7,50.176513351538475,0.0021843683151971287,0.2418396778595753,0.7581603221404247,286
25.252_55.310500000000005,25.25195197472961,55.31047719855641,0.3922894538318955,0.034852561965671165,43,50.1005006223256,0.01316054785282416,0.36828180554609274,0.6317181944539073,287
25.242_55.3035,25.242124317815193,55.30327498912811,0.39087825441767476,0.007312016385547965,3,50.530760450000024,0.003914161964699033,0.2878406665943287,0.7121593334056713,288
25.253_55.308,25.252947993260914,55.3079401363026,0.39060995379204805,0.044235709020087936,89,50.00019052727275,0.010468557979283661,0.37547644755388077,0.6245235524461192,289
25.2455_55.307500000000005,25.24539222379459,55.307705104351044,0.3900792695686915,0.06259084597388025,4,51.24868706750001,0.1963389714558919,0.3776510026719835,0.6223489973280165,290
25.2545_55.304500000000004,25.254655530478157,55.3045354783535,0.39004967526652823,0.06691395896276162,31,50.40505327000001,0.0010229678136900355,0.3105442259046767,0.6894557740953233,291
25.242_55.3065,25.24200673872505,55.30656142958573,0.38895840727393394,0.03275505574422579,56,50.015666870535725,0.029802150660348626,0.41074347715440834,0.5892565228455917,292
25.239_55.2975,25.238890341758864,55.29745010619468,0.38773176349494826,0.06089825842433005,45,49.34800432361704,0.004329379988305322,0.5018329665452312,0.4981670334547687,293
25.2545_55.305,25.254550879252953,55.30493694802989,0.3877222698536862,0.07306572681094622,68,49.61619241739131,0.0016264510310552839,0.4015409497247226,0.5984590502752775,294
25.2375_55.300000000000004,25.23756964342118,55.30002236366272,0.38719357111744124,0.09573719392752977,3,50.13256112000001,0.0348421732584635,0.401137457953559,0.598862542046441,295
25.2425_55.304500000000004,25.242677697275344,55.30440330505371,0.3866063844303694,0.05523973120246546,21,50.146965632857146,0.04831055737046335,0.41513220973746484,0.5848677902625351,296
25.242_55.301,25.242134628647825,55.30111759901047,0.38641048554927854,0.033436329483662666,6,50.02567678625001,0.0029876143844039,0.3957686954074436,0.6042313045925565,297
25.2495_55.307,25.24972180112484,55.307107865810394,0.38473299757692575,0.04365209728716126,6,51.52597394000002,0.014471548574942067,0.14512238679108794,0.8548776132089121,298
25.2425_55.307,25.242562507046166,55.30683152950727,0.3839274205351654,0.035070452741447024,26,49.80743292269233,0.04759008129822318,0.4806343767362207,0.5193656232637793,299
25.25_55.305,25.25020017309555,55.305079988070894,0.38316311127992103,0.0468836766509358,6,51.55282981142862,0.022710164388020815,0.1351671975756448,0.8648328024243552,300
25.2425_55.3035,25.2425319010154,55.30336403846741,0.38311184266190623,0.017524374773355524,15,50.57918240000002,0.007134783709490693,0.30520776819299766,0.6947922318070022,301
25.238500000000002_55.304500000000004,25.238545168396143,55.30447605997324,0.3829299185480692,0.07026669584763363,30,51.61121081375002,0.061694901077835616,0.18791537814670137,0.8120846218532987,302
25.238500000000002_55.303000000000004,25.238623972195082,55.30279563023494,0.3828372839267801,0.023859730345429164,13,50.9898706492308,0.009323641785189584,0.23746920854617387,0.7625307914538262,303
25.244_55.304500000000004,25.244033487897088,55.30458798632026,0.3821636168198305,0.06374304273655082,96,50.28907795250001,0.048286075945253686,0.4032550123002794,0.5967449876997206,304
25.2495_55.307500000000005,25.249545199274397,55.30737822470458,0.3814094268796774,0.0475216047136395,22,51.50806648739134,0.06564038209240843,0.2152545578813783,0.7847454421186216,305
25.235500000000002_55.304500000000004,25.235515164154567,55.304569280147554,0.3814026088168667,0.06809760475997885,81,50.16818258510002,0.005324310381453217,0.37935680291597057,0.6206431970840294,306
25.244500000000002_55.3065,25.24450979497381,55.30649399253684,0.3802460635009266,0.03232330945993055,59,50.47062415915495,0.017748909930500333,0.30144201048849517,0.6985579895115048,307
25.2375_55.3035,25.237301145272642,55.303372263908386,0.3801963855159428,0.012973279366686167,4,50.632503512,0.00100644429524735,0.3018641153971354,0.6981358846028647,308
25.2375_55.304500000000004,25.23770550981236,55.30426025390625,0.3797122197821072,0.020508385280030864,3,51.02352500000001,0.0183888188114872,0.25055030540183737,0.7494496945981627,309
25.2375_55.304,25.23747075791739,55.30412703752518,0.37922121920838003,0.022022462273237297,17,50.77206748318183,0.01148538028492643,0.24098764284692625,0.7590123571530737,310
25.243000000000002_55.307,25.243018195668416,55.306902698108125,0.37913189827210003,0.028710037050077002,63,49.9335021457143,0.03133228663709565,0.4546916782792586,0.5453083217207413,311
25.239_55.3055,25.23919355972951,55.30559599399567,0.37837522355660075,0.02345270211420662,3,50.50455563,0.008948855929904501,0.33362367418077254,0.6663763258192275,312
25.253_55.3095,25.252777180527268,55.30934546675001,0.37680537395143837,0.06278335649897226,6,49.83063602000001,0.031088369864004598,0.41770250835115946,0.5822974916488405,313
25.2505_55.3095,25.2505183164824,55.309399982978555,0.3768034599575325,0.067286011259886,29,50.182986736896574,0.06262611886093895,0.45265552915375806,0.5473444708462419,314
25.249_55.3085,25.24878497906925,55.30872970819473,0.3763819973206721,0.03910134259241466,4,50.69368607000001,0.10233137342664925,0.40930313534206814,0.5906968646579318,315
25.247500000000002_55.314,25.247602211320746,55.31391220248264,0.37479111249196734,0.06657693455257063,40,50.38208896413046,0.0060149934556748596,0.33849987085314764,0.6615001291468524,316
25.2465_55.2995,25.246553907383188,55.299453707411885,0.37418752213532414,0.04223975135735955,62,50.50863233093751,0.018672984133484498,0.35013099511464435,0.6498690048853556,317
25.2505_55.310500000000005,25.250289470529406,55.31063497066498,0.3729289078594944,0.03527773957685971,4,50.71419419000003,0.0038803948296440498,0.2887739958586516,0.7112260041413484,318
25.247500000000002_55.306000000000004,25.247311804707998,55.30597239732742,0.3725995971326984,0.029360099373634988,8,50.706503645,0.06577597724066836,0.37771352132161456,0.6222864786783854,319
25.249_55.307,25.248885925976264,55.30718684196472,0.37230797654759407,0.07165979734978271,6,51.41507818000002,0.0027149341724536425,0.12413514690634643,0.8758648530936536,320
25.248_55.3145,25.247938463287,55.314415991306305,0.37188421235255337,0.10292493370303202,75,50.48014318634148,0.05883091286388898,0.4072562488371108,0.5927437511628892,321
25.2465_55.304500000000004,25.246444472465058,55.30452340233083,0.37145517503930797,0.023107191821911396,31,50.49826600816328,0.001087913376456055,0.35486933217297334,0.6451306678270267,322
25.2515_55.310500000000005,25.251640144578797,55.31053926633752,0.37140222673146545,0.05201862427290222,46,50.351401088913036,0.030197337053824116,0.4033544697047432,0.5966455302952568,323
25.248_55.314,25.24801636849808,55.313971094463184,0.3702747105390882,0.0738055802440759,86,50.59658829532612,0.0222996075948079,0.3601381655092592,0.6398618344907407,324
25.25_55.306000000000004,25.249985824326956,55.305994749069214,0.3669999082624173,0.0664483568591096,11,51.37543864250002,0.03928398363517987,0.22185389200846353,0.7781461079915365,325
25.2395_55.3055,25.239365388343316,55.30570748974295,0.36666485565974116,0.048054479256098015,15,50.59556878999999,0.0063331251066069665,0.3297484309047385,0.6702515690952614,326
25.241500000000002_55.3065,25.241532859888146,55.306424278961984,0.3663105227294223,0.050507761678363336,57,50.567848965263174,0.022978643372409267,0.37258495292299293,0.6274150470770071,327
25.2465_55.311,25.246331093710854,55.31089425086975,0.3656406244187862,0.014783327149462776,5,50.613362600000016,0.00512797037760412,0.2958328812210648,0.7041671187789351,328
25.2465_55.299,25.246359086131513,55.299180837777946,0.365332353199876,0.03410293896546067,13,50.51253101000002,0.024382827628372017,0.38647708729801017,0.6135229127019899,329
25.246000000000002_55.304500000000004,25.24624618331036,55.304477512836456,0.36508017842698076,0.00518439530123373,5,50.591145470000015,0.0021504720052083,0.3420376247829861,0.6579623752170138,330
25.2405_55.3055,25.24046571378228,55.30544053105747,0.3649072008546631,0.05275825834866,13,51.19050533000002,0.00169369298168733,0.22239535462622545,0.7776046453737746,331
25.249_55.313,25.24892218441662,55.313110726220266,0.36488278138094066,0.03868622513226172,189,50.251019927428594,0.007208681190665599,0.3889890075360656,0.6110109924639343,332
25.244500000000002_55.305,25.24465286473523,55.30483900308609,0.3648334488897858,0.013460210853402954,50,50.81940084560002,0.01107504950629336,0.3202754041883681,0.6797245958116319,333
25.249_55.307500000000005,25.249059718916175,55.307302102446556,0.36374756773149564,0.05070115921464768,8,51.294830337500024,0.005969789293077212,0.23565567864312065,0.7643443213568794,334
25.245_55.307500000000005,25.244908310739877,55.30754613876343,0.3630100359241892,0.03037090759129502,30,51.120084065000015,0.13019823561402552,0.40449855440076565,0.5955014455992343,335
25.2435_55.307,25.243503629543348,55.30704153831615,0.36076104527973024,0.03795104151868646,86,50.23112065406979,0.03527195918523946,0.46010939183347016,0.5398906081665298,336
25.2425_55.304,25.2424997884686,55.304092754017226,0.3605102304244259,0.035365626488558954,54,50.84911276127276,0.030920593826859046,0.34611609873145516,0.6538839012685448,337
25.241500000000002_55.3035,25.24141084964272,55.303678035736084,0.35898988519098335,0.031875427646218306,24,51.36327618800003,0.010857211218939837,0.24761269463433158,0.7523873053656683,338
25.2515_55.309000000000005,25.25129946267082,55.30923530459404,0.3586276561667687,0.00024369922560382485,4,51.56869919000002,0.03213564554850255,0.23174699147542313,0.7682530085245769,339
25.2485_55.309000000000005,25.248556453171595,55.30880856513977,0.3584702866294265,0.0330504654497536,20,50.27976384800003,0.052425405714246906,0.47710893419053824,0.5228910658094618,340
25.2435_55.303000000000004,25.243330081038774,55.30291937291622,0.3579068535211098,0.03048258681734187,6,51.19143523250003,0.0707403112340856,0.2704819573296441,0.7295180426703559,341
25.238500000000002_55.3025,25.238555259000826,55.30267563733187,0.3563357579391774,0.030267599853367244,29,50.90078700909095,0.008340287482601435,0.3201974040330058,0.6798025959669942,342
25.252_55.31,25.25208581491552,55.30999114116033,0.3556720806244018,0.06530904129209605,54,51.20129368833336,0.017356166133174148,0.2873992527463308,0.7126007472536692,343
25.245_55.304,25.24519987418165,55.30402304444994,0.35561423459085906,0.037580906697976375,35,50.267117174000006,0.07130135430230031,0.5082022651793464,0.49179773482065353,344
25.238_55.3025,25.237992122505187,55.30243670940399,0.35533096118791546,0.029871026154404984,24,50.67779227700002,0.018853487791838413,0.3900357846860532,0.6099642153139467,345
25.2505_55.305,25.250288199802355,55.30489299978529,0.35441380206676854,0.04248096905999423,7,51.56894333428574,0.05475119938926086,0.2686040969122024,0.7313959030877976,346
25.2365_55.3025,25.23633976317445,55.302376225590706,0.3539405126545911,0.04209188415275236,8,50.24208017750001,0.0011782646179198874,0.4402270317077636,0.5597729682922363,347
25.241500000000002_55.306000000000004,25.24132734299492,55.30621647834778,0.3510891556794961,0.004863697575552726,4,50.76802800500002,0.0111277898152669,0.36847527821858717,0.6315247217814128,348
25.245_55.304500000000004,25.24514199592083,55.30450771961893,0.3508126081492499,0.0514693023604281,28,50.41346946607144,0.02723371414911176,0.4482045552087209,0.5517954447912792,349
25.238500000000002_55.298500000000004,25.238346996523003,55.29844870855068,0.35078343303820525,0.043958185485738314,39,50.33093396465518,0.002581115461822209,0.41525340902394264,0.5847465909760574,350
25.255_55.304500000000004,25.25487006691764,55.304395100649664,0.3505760384010407,0.0513338283419616,30,50.887457645000005,0.0018668987132884395,0.3260275398204529,0.6739724601795472,351
25.2465_55.304,25.246525625711254,55.30394021854844,0.3504554698144788,0.02005657364983752,27,50.70779533860468,0.004556726526330972,0.3575897216796875,0.6424102783203125,352
25.2365_55.302,25.2365590878755,55.30198335647583,0.35034003350926246,0.03343450444262504,23,50.27054785333336,0.0025477754896965103,0.44818167038905765,0.5518183296109423,353
25.25_55.3055,25.250113186008345,55.30549943447113,0.3500968959054142,0.05882091461041568,12,51.80169422000004,0.058795646384910256,0.24518599333586513,0.7548140066641348,354
25.244_55.301500000000004,25.244034301205144,55.30148798769171,0.3496866723541535,0.04532873930646593,5,51.13554283727276,0.0003540039062499711,0.25243462456597227,0.7475653754340278,355
25.2455_55.308,25.24563443522856,55.308045917941676,0.34759195992758657,0.03114163714255284,31,51.33026473032259,0.10008490936100828,0.3791488943943728,0.6208511056056272,356
25.248_55.307500000000005,25.248054690872745,55.30752034748302,0.34678846055612667,0.04729407779363812,9,51.25524665000002,0.0038762975622106074,0.16758807811861723,0.8324119218813828,357
25.242_55.304500000000004,25.24199434837701,55.30451404196875,0.34666693967108,0.04052071361952856,14,51.524997362857164,0.08235967726934519,0.3286758604503813,0.6713241395496187,358
25.237000000000002_55.301500000000004,25.236964389400374,55.30163365602493,0.34639715338331156,0.01292288656235599,10,50.524664981000036,0.02487411499023433,0.4390220642089844,0.5609779357910156,359
25.2375_55.301,25.23736422622053,55.30098348855972,0.34526291835665296,0.01752891414932864,4,50.25318874250002,0.007776896158854125,0.47035503387451166,0.5296449661254883,360
25.244_55.307,25.243980702958147,55.307181322574614,0.34446011685161254,0.028704712250236446,100,50.54763407540002,0.04609523860603192,0.4639164009869382,0.5360835990130618,361
25.238_55.305,25.23805204915327,55.30489146709442,0.34432336981868744,0.03144427392953616,4,50.40059085500002,0.07644875844319657,0.523068110148112,0.476931889851888,362
25.242_55.304,25.24199199442202,55.30392553657293,0.34401869406609026,0.039769603174985554,76,51.24494860812504,0.009870228014494197,0.28782944326047544,0.7121705567395246,363
25.239_55.304500000000004,25.23896287267206,55.3046203404665,0.3439819747876573,0.03656216286908296,20,51.67800462125003,0.015043534172905776,0.21287365312929504,0.7871263468707049,364
25.2375_55.303000000000004,25.23749200548427,55.303004533052444,0.34395387531461025,0.028306479672595083,10,50.870853440000026,0.002024968465169236,0.3831620746188693,0.6168379253811307,365
25.246000000000002_55.308,25.245977588668296,55.30797038759504,0.34346807988947625,0.04881183503925121,21,51.30331435142858,0.11522765386672243,0.41223130402741603,0.587768695972584,366
25.244500000000002_55.307500000000005,25.244433938228045,55.307395472759154,0.34291880948046916,0.047353249579958595,38,50.897933606585376,0.08187408015995631,0.43458306822249393,0.5654169317775061,367
25.236_55.303000000000004,25.235951713268804,55.30300779002054,0.3422913603925548,0.04313436105289021,12,50.65153049000001,0.0022106170654296498,0.44872907608274426,0.5512709239172557,368
25.2525_55.31,25.252463317100787,55.31000873872212,0.3419908723931764,0.0625986738707485,39,50.478839098571456,0.023198749944355366,0.4289661084533368,0.5710338915466632,369
25.255_55.304,25.25486812863768,55.304149612784386,0.34153594506281476,0.045629778262338855,20,51.08056320875002,0.0013765123155381417,0.33063729604085285,0.6693627039591471,370
25.238500000000002_55.298,25.238561029935852,55.29801413620988,0.3415290428432804,0.04386538471416497,59,50.18807663205481,0.0030196507771809425,0.46758748278205775,0.5324125172179422,371
25.240000000000002_55.305,25.240000363297874,55.30496120452881,0.3407364374965701,0.02664034924549982,15,51.48822035545458,0.0035367895055699802,0.21671171862669664,0.7832882813733033,372
25.248_55.307,25.248063694259784,55.30691092664545,0.33903924974622146,0.02682485908395646,40,51.2048043516364,0.0264252556694878,0.3428394356159249,0.6571605643840751,373
25.2405_55.3035,25.240525164027474,55.30347526073456,0.3374778565305272,0.06630491346212712,7,51.5906721757143,0.13290641421363464,0.39915030343191965,0.6008496965680804,374
25.239_55.303000000000004,25.238950337529335,55.30298575758934,0.3351186566343683,0.01632388895302808,8,51.33200130500001,0.015886783599853488,0.32193390528361,0.67806609471639,375
25.242_55.305,25.242129169998435,55.3048038482666,0.33433384156681073,0.03223378754317962,6,51.015834455000025,0.0873622894287109,0.4573487175835503,0.5426512824164497,376
25.238500000000002_55.2975,25.238710484654252,55.29766470193863,0.3335449930693324,0.04877784265360934,16,50.189528120000034,0.003875944349500825,0.4645515253514419,0.535448474648558,377
25.241500000000002_55.3055,25.24150970544956,55.30540108680725,0.33242975674006153,0.012963021254574847,9,51.10802605000001,0.031085402877242437,0.38500552707248265,0.6149944729275174,378
25.2375_55.3005,25.23758258312145,55.300533413887024,0.3294759733285475,0.0363727584752519,5,50.25105248000001,0.050524902343749956,0.5628194173177083,0.4371805826822916,379
25.238_55.299,25.23802163526588,55.29898888298443,0.32942090700564514,0.044780676484223,45,50.259200795535754,0.0032115606614100665,0.49416738086276585,0.5058326191372341,380
25.241_55.3065,25.241093851996542,55.30633588631948,0.32935939709923895,0.042929527001055935,25,50.854776086666696,0.006588946603841396,0.4051380531087499,0.5948619468912502,381
25.2375_55.3025,25.23759860509284,55.302352174273075,0.32923974440086023,0.04079436793512948,51,50.5936283713208,0.08594653393448302,0.5451499411145097,0.45485005888549035,382
25.236_55.3025,25.236187331741082,55.30257238791539,0.32877604412683686,0.047981553447897014,13,50.42589734923077,0.005846854967948677,0.4855107038449018,0.5144892961550982,383
25.2525_55.3095,25.252483695112808,55.30949834230784,0.32847237370847365,0.05050246593103794,37,51.12638892621624,0.022815143023883218,0.38405000841295395,0.615949991587046,384
25.2395_55.306000000000004,25.239584285320916,55.30581312520163,0.3272355034032576,0.033932724355505296,19,50.50406734142859,0.007485612031664611,0.4566362886081511,0.5433637113918489,385
25.2545_55.304,25.254487311435035,55.303984209895134,0.32657542271733186,0.05384011691846675,32,51.127560983750044,0.0019341177410549134,0.34099908404880097,0.659000915951199,386
25.2485_55.314,25.248396156109205,55.31391912577104,0.32624479292942205,0.04540640689586621,38,50.40434021367349,0.016023379320289605,0.4959496824649456,0.5040503175350545,387
25.238_55.2995,25.23786509860491,55.29937833547592,0.3257292312098215,0.03582283015491082,15,50.03866051500003,0.004315496374059573,0.5499471970546392,0.4500528029453607,388
25.2395_55.305,25.239559423066908,55.30482745170593,0.3252878484210227,0.03595586214126282,12,51.71829453200003,0.005014631483289883,0.2349978694209346,0.7650021305790654,389
25.2405_55.306000000000004,25.240500303578877,55.3060502723112,0.324165754347838,0.04078006204634725,45,50.95336869118646,0.00837166447137129,0.3628520347669402,0.6371479652330597,390
25.241_55.306000000000004,25.240957908307262,55.30617062122591,0.32394013802029603,0.03651592957293952,28,51.014979950000026,0.010599968100733815,0.3706478507638837,0.6293521492361163,391
25.2485_55.307,25.248432394396687,55.3070765250438,0.3225601836720936,0.0413053394812319,30,51.59941518054057,0.00549497251157403,0.30807540939376876,0.6919245906062312,392
25.2405_55.305,25.24051526699735,55.305147618055344,0.3219998477538681,0.029498275683569497,30,51.50014890000002,0.010996543036566801,0.2884495699847186,0.7115504300152815,393
25.236_55.3035,25.235819542107933,55.303391218185425,0.32154167459589056,0.027541091350948867,3,51.08846738000002,0.0010965135362412668,0.38652759128146696,0.613472408718533,394
25.252_55.3095,25.25198252132011,55.309512965819415,0.3206834566028532,0.05479909510865875,49,51.84522371000002,0.02512012905544701,0.27893798828124994,0.72106201171875,395
25.240000000000002_55.306000000000004,25.240002899697128,55.3059452094815,0.31947984627141746,0.03731130100594455,32,50.71570899431821,0.007366785021813621,0.40985994849129864,0.5901400515087013,396
25.2395_55.304500000000004,25.239349642160988,55.304718017578125,0.3190585423410101,0.04889655116035138,4,51.69459626000002,0.0011926227145724472,0.2108192443847656,0.7891807556152344,397
25.241_55.3055,25.24095493433682,55.30527736991644,0.3171994764685649,0.020969378790885142,16,51.311279558750016,0.022050142288207956,0.3834853172302246,0.6165146827697754,398
25.2485_55.3135,25.248550218852202,55.31351242746626,0.31653633888926624,0.0489107856446369,125,50.69643947500003,0.010164784749348912,0.47731195345547256,0.5226880465445275,399
25.244_55.307500000000005,25.24405855097513,55.30730754863925,0.31613513133236293,0.022385102952296055,41,50.743455775853676,0.04507466148352405,0.5099031440057709,0.4900968559942291,400
25.2435_55.3025,25.24351763480112,55.30251709314493,0.31590729258026423,0.0418565066362898,7,51.304722876153875,0.05229090130518348,0.24986775716145831,0.7501322428385417,401
25.238_55.300000000000004,25.23786207939178,55.29995620250702,0.3150007746457321,0.007737007998415105,5,50.00905666400003,0.005615488688151,0.596605936686198,0.40339406331380206,402
25.2395_55.303000000000004,25.23948331134771,55.30314343316214,0.3149018708421287,0.017391175018238197,7,51.872170537142885,0.004147665841238786,0.2735007149832589,0.7264992850167411,403
25.241_55.3035,25.240987444329576,55.30363565683365,0.31433872801812557,0.0432636548249753,10,51.57656063600003,0.02293968200683589,0.34682057698567703,0.653179423014323,404
25.238_55.298500000000004,25.238193558437022,55.29863072478253,0.3113885166824715,0.035641445149497165,19,50.61380842869569,0.0024766531604075103,0.477537625077842,0.5224623749221581,405
25.252_55.309000000000005,25.2521145662609,55.30910611152649,0.310353568264792,0.02920753477934958,8,51.305891430000024,0.005430645412868888,0.3810952269000772,0.6189047730999229,406
25.244_55.302,25.24381772032288,55.301905274391174,0.30714194979706966,0.012878276325215522,5,51.04830564500003,0.008471001519097179,0.44340458622685186,0.5565954137731481,407
25.2485_55.307500000000005,25.248295338089065,55.3073787689209,0.30499369963960354,0.016761297911619157,3,51.686051210000024,0.0016066939742476333,0.3146480984157986,0.6853519015842013,408
25.251_55.3095,25.251001775899535,55.30950164794922,0.3036752264555757,0.04930194131377573,45,50.85813081000002,0.01853224200966914,0.4965213822729794,0.5034786177270206,409
25.240000000000002_55.3035,25.240048255888002,55.303320458957124,0.2927869779833797,0.026720283824051,7,51.54623791571429,0.0346401759556361,0.4264955066499256,0.5735044933500744,410
25.244500000000002_55.307,25.24443447202025,55.30708476305008,0.2884759249180263,0.014912054070411275,100,50.65364396570005,0.04634021650183212,0.6058317853380888,0.39416821466191115,411
25.2515_55.3095,25.25151170589949,55.30946237199447,0.28734675855381414,0.04544545182333815,51,51.74583305000001,0.011176713931015072,0.3817756170800568,0.6182243829199432,412
25.2435_55.302,25.24366892180842,55.30211538076401,0.28364328558272844,0.017586953554423527,3,51.30779033000001,0.0016677291304976445,0.4026720965350116,0.5973279034649884,413
25.235500000000002_55.304,25.2355534662358,55.30403450131416,0.2804464212917691,0.028559840306984715,9,50.99105381000002,0.011256889060691512,0.545310550265842,0.45468944973415804,414
25.235500000000002_55.3035,25.23563967811897,55.303547859191895,0.2770667114653611,0.03038108898551794,7,51.300726422000004,0.0020948137555803323,0.5239613850911459,0.4760386149088542,415
25.2515_55.31,25.25160974282254,55.31001474741286,0.2702574982964991,0.027470492977326767,226,51.465417514867276,0.036679508880645195,0.5070654588697465,0.4929345411302535,416
25.241_55.304,25.24122568891593,55.304179072380066,0.2697756761153636,0.049632998428898505,5,52.76944961600002,0.01974444919162322,0.26461003621419266,0.7353899637858073,417
25.241500000000002_55.304,25.24141788661126,55.30388976518925,0.26470145033531556,0.053804488774454484,65,51.840848077307726,0.010753892425797896,0.414824863444706,0.5851751365552941,418
25.241_55.305,25.241013915998387,55.30502116680145,0.26056015176138314,0.06209467245384433,39,51.891436234000025,0.006670927390074077,0.41836251152886283,0.5816374884711372,419
25.241_55.304500000000004,25.241156693368257,55.30452253357057,0.1997367746861314,0.030402014075752447,26,52.80475445483872,0.011080831544012052,0.4131620263540617,0.5868379736459384,420
