segment_id,lat,lon,pci_mean,pci_std,point_count,lst_mean,gvi_mean,svf_mean,shade_mean,rank
25.2405_55.297000000000004,25.24056642582679,55.2968988479194,0.674674558149934,0.028190836580625156,36,46.353640691864435,0.009982956780327646,0.1723161327412348,0.8276838672587652,1
25.252_55.305,25.251797582202972,55.30522048473358,0.6619197189265157,0.08174867089635236,3,48.241256720000024,0.23803654423466433,0.14210736310040506,0.8578926368995949,2
25.2425_55.306000000000004,25.24262301407636,55.30578633149465,0.6446361075279029,0.0272201422278719,27,47.89882175333336,0.17148033189184866,0.17063443454695335,0.8293655654530467,3
25.252_55.3055,25.25204615597263,55.30539035797119,0.6372289280271458,0.0746281822311507,10,47.906290760000026,0.22026418050130206,0.24428151448567706,0.755718485514323,4
25.25_55.301500000000004,25.250065013811586,55.30138735260282,0.6346606644781714,0.015972271476988386,12,46.68263960000002,0.015405125088161851,0.21704071287124874,0.7829592871287513,5
25.243000000000002_55.306000000000004,25.243009749331147,55.305903355280556,0.6338225398184285,0.03146161556021882,54,47.52518153000001,0.11875966154498814,0.2006505801353925,0.7993494198646075,6
25.241_55.297000000000004,25.241000245654295,55.29695228618734,0.6259920476919715,0.019881916297944818,30,47.046910055000005,0.0007341490851507941,0.15967158710255336,0.8403284128974465,7
25.25_55.301,25.249855816016165,55.3011939200488,0.6259038823791433,0.013872029245126484,10,46.65886882454547,0.020212766859266432,0.24386893378363708,0.7561310662163628,8
25.253_55.306000000000004,25.25286646716447,55.30594041714301,0.6240129027227997,0.07634882991895064,37,48.305804713076945,0.191544128967835,0.18262349098835912,0.8173765090116409,9
25.2405_55.2975,25.24043404565735,55.297466307878494,0.6091727146606346,0.020133155179943282,8,47.39999654750003,0.005472646819220613,0.1069344255659315,0.8930655744340685,10
25.2525_55.306000000000004,25.252702844533577,55.305781960487366,0.6087380189559913,0.018878187993601598,4,48.13358909000003,0.2330945332845052,0.30506854587131077,0.6949314541286893,11
25.241500000000002_55.297000000000004,25.241410161541094,55.297161828387864,0.6034117934314065,0.03290520053915071,17,47.70009093527274,0.006432346269196108,0.1470283797292998,0.8529716202707002,12
25.241500000000002_55.2975,25.241641244006793,55.297318146778984,0.6033317407448183,0.008031282921294888,7,47.861856500000016,0.00033396766299289134,0.10714445358667614,0.8928555464133239,13
25.2425_55.3055,25.242366023556805,55.30553523425398,0.6032941204906714,0.0845387217854681,138,48.46418234165518,0.1932680917822796,0.2264446455856849,0.7735553544143151,14
25.2495_55.301,25.24952668784024,55.30099941565927,0.601967864152235,0.035614995807508924,110,47.13607171336284,0.07255957632353807,0.29901075785138964,0.7009892421486104,15
25.242_55.300000000000004,25.24210768172262,55.30002440725054,0.5989393032131075,0.021119187624934112,9,48.426684305000016,0.005401988088348736,0.06355951702783975,0.9364404829721602,16
25.2405_55.298,25.240293411008498,55.29780328273773,0.5982819662988358,0.023033984223714495,3,47.965536440000015,0.0023102936921296,0.10692794234664353,0.8930720576533565,17
25.2525_55.3055,25.25244642829643,55.305603325366974,0.592910862103554,0.022907384428263615,10,47.98729783400002,0.18903435601128468,0.32420230441623266,0.6757976955837673,18
25.251_55.305,25.251149497107033,55.30481490221891,0.5865188807901809,0.04274257790305939,11,48.802278093636374,0.172685950693458,0.20000900885071415,0.799990991149286,19
25.247_55.307500000000005,25.247115097060117,55.30730053782463,0.5851452000399133,0.0064810157799891355,5,48.58134971000002,0.0017903645833332801,0.05128493132414639,0.9487150686758535,20
25.246000000000002_55.303000000000004,25.246109194374462,55.303025007247925,0.5833956528561849,0.016291603075956423,8,48.72798276800001,0.004867365330825565,0.07163650270492308,0.928363497295077,21
25.2465_55.301500000000004,25.246312494300412,55.301308035850525,0.5824532972791802,0.0016925583507981896,6,48.125044040000034,0.003755569458007767,0.12937715318467877,0.8706228468153213,22
25.2515_55.305,25.251448292221873,55.305019944906235,0.5816197073941523,0.027443744710903183,40,48.53477918750003,0.09149799346923823,0.16562211778428815,0.8343778822157117,23
25.240000000000002_55.298,25.2400700772791,55.29803144931793,0.5767398448322085,0.023947349438437786,20,48.22594399040002,0.0028442435794406155,0.13168406168619787,0.8683159383138022,24
25.2465_55.303000000000004,25.246526056626543,55.30296344648708,0.5762404258001345,0.028069458313756,12,48.85082951409094,0.02581448025173609,0.07144288342408456,0.9285571165759154,25
25.247500000000002_55.3085,25.247488004262205,55.30840805768967,0.5759209688386627,0.06442560257103315,50,48.687786852800016,0.19847524007161457,0.27612521701388887,0.7238747829861112,26
25.244500000000002_55.298500000000004,25.244608613643386,55.298361437661306,0.574499278874554,0.01967840218618222,7,48.448779362857145,0.008093879336402486,0.10742223830450144,0.8925777616954986,27
25.238500000000002_55.3005,25.238712695159823,55.30060422420502,0.5735768704222407,0.003031222741103874,3,48.27543692000003,0.0004168616400824,0.1586246490478515,0.8413753509521484,28
25.238_55.3005,25.23795563283712,55.30048727989197,0.573220673738057,0.05673705941816793,22,48.969636782000016,0.11324553056196729,0.14797339121500647,0.8520266087849936,29
25.2405_55.296,25.24045715093368,55.29595687108881,0.5729664052880479,0.06933011147848679,8,47.41178369000002,0.006484826405843051,0.34084806255265776,0.6591519374473422,30
25.244500000000002_55.298,25.244433938253746,55.29815835612161,0.5728688461040713,0.028288066057323057,7,48.355027957142866,0.015362330845424042,0.1343905131022135,0.8656094868977865,31
25.2435_55.306000000000004,25.243513214520284,55.30606198310852,0.5726453230864471,0.04282223043382282,49,48.05446192700002,0.04404528611371302,0.22457766305832635,0.7754223369416737,32
25.241500000000002_55.3025,25.241520380396608,55.3025039434433,0.568972054189166,0.028515130308433872,8,48.89979524000002,0.002020941840277725,0.09320509168836802,0.906794908311632,33
25.2465_55.301,25.246434711271352,55.3009957075119,0.5681665754642816,0.03942890249398379,42,48.27444949200002,0.03224508690111561,0.18077850341796872,0.8192214965820312,34
25.2425_55.2995,25.24230340761027,55.29957386580381,0.5659652701742868,0.026707820477852397,9,48.52122363090912,0.0011253827883873002,0.09679158528645831,0.9032084147135417,35
25.242_55.302,25.241814855529295,55.3019243478775,0.5657599106315273,0.038034296220819386,7,48.90112447000001,0.023277403816344196,0.09886621545862266,0.9011337845413774,36
25.241_55.302,25.241117611903622,55.302025738515354,0.5652463183018325,0.0022551361427815184,8,48.441840525263174,0.0007906195558147262,0.1056564590077341,0.8943435409922659,37
25.247_55.308,25.246864465889114,55.308163839278464,0.5649479484369161,0.041566745249456326,139,49.05357745158275,0.1459243066972203,0.1938379685655772,0.8061620314344228,38
25.241500000000002_55.299,25.241465274396077,55.299029420403876,0.5645668176233886,0.027643575374335243,8,48.455385620000015,0.002541012234157936,0.09248332104651753,0.9075166789534824,39
25.240000000000002_55.297000000000004,25.239996516746817,55.29696714878082,0.5640083600185428,0.052617417841397965,12,46.76685961280002,0.0021418907024241813,0.31292770385742186,0.6870722961425781,40
25.2395_55.298,25.239349439982547,55.297904312610626,0.5623295219321621,0.017026118580191166,3,49.027614946250004,0.00022835201687281385,0.026311159133911074,0.9736888408660889,41
25.2485_55.3035,25.248683492948217,55.30329465866089,0.5607359177818867,0.007313294734508299,6,48.743705660000046,0.07664638095431853,0.1770519680447048,0.8229480319552952,42
25.2405_55.301500000000004,25.24066379985045,55.3015373647213,0.5603932422564918,0.01419775834799369,5,48.392076852500004,0.00358517964680988,0.15613929430643717,0.8438607056935629,43
25.245_55.311,25.245171454919905,55.310838259756565,0.560070650033719,0.03206603991244365,12,48.44633792000002,0.002113766140407949,0.11269050174289276,0.8873094982571073,44
25.2425_55.305,25.242416540582678,55.3050592392683,0.5597022575676133,0.1190729079124872,79,48.794805059000026,0.1837087703656546,0.2898291985193888,0.7101708014806112,45
25.246000000000002_55.301500000000004,25.246078657146597,55.30152957181673,0.5591500938870586,0.03378207241859897,33,48.26892420621624,0.020098517922794077,0.1837721930609809,0.8162278069390191,46
25.241500000000002_55.302,25.241616223065932,55.30209507261004,0.5584653871365428,0.029054392393242496,5,48.852594011428586,0.00511779785156244,0.06936475965711802,0.930635240342882,47
25.2455_55.303000000000004,25.245555352287596,55.30303705887622,0.5579028911430807,0.030066145627511916,72,48.42634456204822,0.02350939150209776,0.1777791447109646,0.8222208552890354,48
25.2455_55.311,25.24546237644785,55.31106635928154,0.5576824158428174,0.026898076667485706,14,48.393643445000016,0.0028931148468501586,0.15012599803783272,0.8498740019621672,49
25.2465_55.3065,25.246472772604207,55.30639350414276,0.5561816735239604,0.004287182835190647,6,48.67038913100002,0.0030500623914930165,0.12099355061848956,0.8790064493815105,50
25.2485_55.303000000000004,25.248427149110363,55.30314879758017,0.5555022261401068,0.012080990603995997,14,48.53508436785715,0.07045110066731766,0.21706154232933406,0.782938457670666,51
25.247500000000002_55.3035,25.24743751700608,55.30348968916926,0.5546677820127781,0.01845655567199755,10,49.054745480000015,0.001893954806857607,0.08100218791157804,0.9189978120884219,52
25.238500000000002_55.300000000000004,25.238260700137342,55.300137251615524,0.5542528062572336,0.019445270054852998,8,48.623647707500034,0.03410502274831133,0.16715093453725174,0.8328490654627483,53
25.242_55.2995,25.24203600785874,55.299394726753235,0.5529137224204026,0.02849259062403854,5,48.51401471600002,0.005477227105034691,0.12814251935040505,0.8718574806495949,54
25.248_55.303000000000004,25.247963373904113,55.302935809623904,0.5527744101313105,0.018826664033644316,41,48.90431091682928,0.09843312498676743,0.19921582436496968,0.8007841756350302,55
25.239_55.3005,25.238950355931657,55.300631794062525,0.552421936066835,0.012778735688330716,32,48.375077381818194,0.002509991327921503,0.17513732717494768,0.8248626728250523,56
25.240000000000002_55.296,25.239936981884046,55.29587359804856,0.5519596744756525,0.04844015246346937,14,47.84296744210528,0.016056514921642444,0.27233886718749994,0.7276611328125,57
25.2425_55.3005,25.242561553246258,55.300498604774475,0.5511198571773472,0.035970508426139476,18,49.03490197500002,0.012435630515769628,0.08946491759500383,0.9105350824049963,58
25.2465_55.3025,25.24643244693719,55.3026020526886,0.5510866000492045,0.049992647238407906,5,48.70268942000003,0.0073689778645832805,0.1397090958960262,0.8602909041039738,59
25.2425_55.300000000000004,25.24263026773226,55.30006446621635,0.550945287633958,0.03765702429094519,10,48.5906715827273,0.00084262424045136,0.14427123406920767,0.8557287659307924,60
25.248_55.3035,25.24805920993946,55.30351147055626,0.5506348560080239,0.019762672650199275,9,48.90093458000002,0.010332272376543179,0.10046019377531827,0.8995398062246817,61
25.2455_55.3115,25.245693859816125,55.31132251024246,0.5505194841246833,0.014901733063773062,4,48.530649080000025,0.013309478759765576,0.11778824417679395,0.8822117558232061,62
25.244_55.298,25.243961161049814,55.297995172441006,0.5504189344147241,0.05789282306209261,13,48.649176044375004,0.004457033597505957,0.12082107861836747,0.8791789213816326,63
25.246000000000002_55.31,25.245989212218106,55.31008422374725,0.5489845431966336,0.026285331206967983,13,48.74475735846158,0.0054991632445245235,0.13225966233473552,0.8677403376652644,64
25.240000000000002_55.298500000000004,25.239846931653847,55.298460229583405,0.5489646407454186,0.030804130867486477,18,48.77000955304351,0.004405545599666589,0.12742759409734014,0.8725724059026598,65
25.247500000000002_55.307500000000005,25.247448439863994,55.30739946024759,0.5485694414562696,0.03101745284643444,11,48.75135551428575,0.005336877071496168,0.12998873594576715,0.8700112640542328,66
25.2525_55.307,25.25248927325308,55.30698235218342,0.5482907435631184,0.06589004520725679,13,49.25430526307696,0.10774713499933222,0.16880407088842148,0.8311959291115786,67
25.251_55.304500000000004,25.25091490226432,55.304637706798054,0.547903034076899,0.047708910610326734,23,49.62079931391306,0.19897173453068384,0.21420772755203613,0.7857922724479639,68
25.246000000000002_55.3115,25.246003733371282,55.31145701184869,0.5464396402021375,0.04131951847411741,28,48.761436638750006,0.021489885118272527,0.13877116309271914,0.8612288369072808,69
25.247_55.3085,25.247056468780382,55.30831199884415,0.5459807174192092,0.047730153850285215,30,48.927253334000014,0.14429667437518082,0.2655364990234375,0.7344635009765625,70
25.249_55.3035,25.24901204882187,55.30347955226898,0.5454964457843322,0.020574897911987175,20,49.01167842800002,0.09184773763020829,0.19637114206949866,0.8036288579305013,71
25.2505_55.301500000000004,25.25048013447506,55.301569492920585,0.5440870917790471,0.04762992955450303,22,48.128759279130456,0.013186079083066954,0.24341100425535928,0.7565889957446407,72
25.2455_55.3065,25.245413018276317,55.306539492947714,0.5431717029008128,0.036979833946273674,5,48.92071026714287,0.0011308458116319,0.08523717002263141,0.9147628299773686,73
25.239_55.301,25.23892067477246,55.30096675668444,0.5426086584025587,0.039750718209108145,18,48.905654702857156,0.02313606827347361,0.1512518231830899,0.8487481768169102,74
25.241_55.2965,25.241068615291244,55.2963559116636,0.5424407606928865,0.01035434304692963,5,47.239776860000006,0.00286865234374996,0.34550930204845604,0.6544906979515439,75
25.247500000000002_55.313,25.24750978271182,55.312908589839935,0.5421169044880713,0.016749477400953918,12,49.1755969014286,0.029391536006221023,0.10117788163442457,0.8988221183655754,76
25.2465_55.312,25.246525174365395,55.311997175216675,0.5418195398002666,0.058587511739149854,12,49.42184082800002,0.08870937206127022,0.11662235966435183,0.8833776403356483,77
25.244_55.309000000000005,25.244168689999924,55.30896306037903,0.5397212096834574,0.04813642504404016,3,49.55833376000002,0.2512738144188596,0.3046176843475877,0.6953823156524123,78
25.246000000000002_55.311,25.2460630191033,55.31111463904381,0.5395396465212764,0.03449482872018049,5,48.88882909250001,0.0027180989583332803,0.09358921757450807,0.906410782425492,79
25.247_55.3125,25.247028049959063,55.31247675418854,0.5383627085094109,0.059127367254628575,14,49.36981368071431,0.0770768665132068,0.14581274607824898,0.854187253921751,80
25.2495_55.3115,25.249504274600906,55.311510264873505,0.5382760570255112,0.017666740203137937,8,49.253987562500036,0.02621014912923173,0.07203631930881071,0.9279636806911893,81
25.241_55.3025,25.24087271590739,55.30249059200287,0.5380125047810397,0.027013089344340515,10,48.50491898500002,0.0019101036919487453,0.16477430602650578,0.8352256939734942,82
25.238500000000002_55.301,25.238590722899378,55.30100099350277,0.5379452202867779,0.019448546983599168,20,48.768621226842114,0.0018435478210448851,0.15196152737266136,0.8480384726273386,83
25.242_55.2975,25.241997941846172,55.29750668016592,0.5374183892211,0.022776047576757757,19,48.33344046240604,0.00955482951381747,0.1655119033086867,0.8344880966913133,84
25.2485_55.3125,25.248466773257793,55.31242087483406,0.5371744173315108,0.027300800311411647,9,49.42189779500001,0.007641262478298579,0.07239702012803816,0.9276029798719619,85
25.244_55.306000000000004,25.243854614747367,55.306127105119096,0.5370127952685172,0.017781407719287552,37,48.501638903962274,0.016207205282675212,0.18984053269872123,0.8101594673012787,86
25.241500000000002_55.2995,25.241687619934826,55.299291014671326,0.5368212259785033,0.0019065738264052211,3,48.31645315999998,0.0013992874710648,0.22792731391059026,0.7720726860894098,87
25.2525_55.3065,25.25267737274915,55.30660731451852,0.5356368697122506,0.03640095855136917,5,49.120176148571446,0.1451436360677083,0.25212484692770337,0.7478751530722967,88
25.243000000000002_55.300000000000004,25.242960197887232,55.29996548707668,0.5355888159230843,0.01795524323409028,17,48.5457234246154,0.001927992876838194,0.20283247466780183,0.7971675253321983,89
25.241_55.296,25.240947469333985,55.296141688640304,0.5347479680606408,0.05214575835171067,8,47.58894074923077,0.003103574117024675,0.398012210161258,0.601987789838742,90
25.241500000000002_55.301500000000004,25.24135806279916,55.301448090656386,0.5335072680662071,0.03177729785845007,10,48.770356978108126,0.0005003033262310406,0.212144492584982,0.787855507415018,91
25.245_55.310500000000005,25.244950763871415,55.3106116671716,0.5330515077515522,0.030455240779931426,37,48.93715456612905,0.00901411926838686,0.11893881873530364,0.8810611812646963,92
25.2395_55.2995,25.23933096816096,55.29951717365872,0.5315558301800251,0.035176946136377965,25,48.9054401518182,0.009322458902994744,0.15968893754361854,0.8403110624563815,93
25.241_55.303000000000004,25.240965163342544,55.30299695762428,0.5312561261194428,0.030790667475034107,16,49.21322151540542,0.0012626250584919713,0.07849768904952312,0.921502310950477,94
25.246000000000002_55.3035,25.245976105676167,55.30359714530235,0.5311853537826478,0.02538974108673944,30,49.08769360302326,0.007299691659432828,0.1285637355282017,0.8714362644717983,95
25.2465_55.302,25.246480967142222,55.302058358987175,0.5311141856697553,0.029977158215359272,42,48.52799062000002,0.002802874045397203,0.2168208856150937,0.7831791143849064,96
25.2455_55.307,25.24558118440199,55.306819677352905,0.5302285965214325,0.023412140647798268,4,49.10715512000003,0.0015472412109374602,0.08465237087673609,0.915347629123264,97
25.242_55.3005,25.241900712515886,55.300453305244446,0.5299829530264947,0.023874165961315766,7,48.77461025750002,0.0006689646887400286,0.11331021344220193,0.8866897865577981,98
25.243000000000002_55.3025,25.24284923283094,55.302500545978546,0.5296509469011396,0.022089543748093507,6,49.22188665800003,0.0011403295728895,0.11057004928588862,0.8894299507141114,99
25.247_55.302,25.246816294952684,55.30221730470657,0.5296280824916957,0.013865972254472697,5,48.70098041000003,0.0009818183051214934,0.1917436387803819,0.8082563612196182,100
25.241_55.299,25.241115058083626,55.29884099960327,0.5292452266507548,0.023833945532064225,7,48.830865170000024,0.005241757347470213,0.16446374963831015,0.8355362503616899,101
25.246000000000002_55.302,25.245985224861567,55.3019343316555,0.5286863124970426,0.03939516946469215,58,48.53885232800001,0.024718719423959038,0.2418747513382523,0.7581252486617477,102
25.247_55.3035,25.247092573369486,55.303449385306415,0.5280103892346092,0.018768895072907587,6,49.226249660000015,0.0013275146484374664,0.08822701647390724,0.9117729835260927,103
25.25_55.309000000000005,25.24998809467423,55.30910267279698,0.5276803878467756,0.07271234347077263,39,49.49597680538464,0.18137006406430842,0.27170468191815234,0.7282953180818477,104
25.2455_55.31,25.24543525384558,55.30994249017615,0.5258474279447181,0.045484307961442344,18,48.85542094526318,0.0436800733024691,0.21415353518480443,0.7858464648151956,105
25.244500000000002_55.3055,25.244746089531073,55.30566930770874,0.5252325613180259,0.007342540986025369,3,48.76877114000001,0.0041481653849283,0.19496938917371961,0.8050306108262805,106
25.242_55.3025,25.242180926686068,55.302565693855286,0.5242558623436359,0.01907028481065206,4,49.00689320000003,0.002044359842936183,0.18197366926405162,0.8180263307359483,107
25.252_55.303000000000004,25.252086425865503,55.30284869670868,0.524131728860304,0.015637645936950183,5,48.69824599400002,0.00784835815429682,0.21295445760091142,0.7870455423990885,108
25.245_55.3095,25.245179772744354,55.30959682805197,0.5240400828190228,0.05702103524734975,7,49.360902414285725,0.18235302561008634,0.30381820793438674,0.6961817920656133,109
25.241500000000002_55.2965,25.24148681298646,55.296553923533516,0.5236853654421335,0.04456560406571516,12,47.687406017692325,0.007241355048285533,0.3655567658253205,0.6344432341746795,110
25.247500000000002_55.303000000000004,25.24754825190284,55.30293192182268,0.5233455287044086,0.015356652987793495,6,48.98565264714288,0.045669485021520496,0.20358233981662324,0.7964176601833767,111
25.244_55.3065,25.244145777244302,55.306308567523956,0.5232814804083258,0.01617009738088432,8,49.00072177500001,0.002379576365152952,0.11815406658031319,0.8818459334196869,112
25.2455_55.3025,25.245636248701228,55.30256071995045,0.5227360979604879,0.03076421494428925,26,48.52477558586209,0.007901666586291099,0.23225216638474233,0.7677478336152577,113
25.237000000000002_55.3025,25.23690998869172,55.302510261535645,0.5223116798724525,0.03403846656280243,14,49.394363745000014,0.0157186114598834,0.14704772572458524,0.8529522742754148,114
25.2365_55.3035,25.236367058011783,55.30352473258972,0.5222979815814676,0.021108632459728733,14,49.62640932500002,0.0014403812468997555,0.0715225596486786,0.9284774403513213,115
25.2365_55.304,25.236466532501627,55.303864959747564,0.5212975625448834,0.015332763263659094,22,49.28865933258067,0.003350922555634427,0.10254748491403448,0.8974525150859656,116
25.238_55.301,25.237803851065237,55.30086922645569,0.5209168002049482,0.010957939954560956,4,49.08038063000001,0.0068145593007405535,0.15611718495686847,0.8438828150431317,117
25.2515_55.3055,25.251395357495273,55.305490388589746,0.5195934041498028,0.06406000597893047,17,49.66003661000001,0.1035222072227328,0.1841782214594822,0.8158217785405179,118
25.2405_55.303000000000004,25.24069277470594,55.30288134302412,0.5193605395170823,0.017965306148526358,9,49.06866170428573,0.0031067412576557332,0.10130663977728946,0.8986933602227105,119
25.2365_55.303000000000004,25.23666170738945,55.303096771240234,0.5191691541578102,0.036611367144102444,4,49.42692988000002,0.0010566711425780916,0.10386563524787805,0.896134364752122,120
25.249_55.312,25.24897541686994,55.3119532763958,0.5190441041168684,0.034045980343800214,7,49.38230573000001,0.02245391361297119,0.167133472583912,0.8328665274160879,121
25.251_55.3025,25.251202426161484,55.302295088768005,0.5188465248298718,0.0010179414593229053,3,49.09063469,0.0018174913194444,0.16148969862196175,0.8385103013780383,122
25.246000000000002_55.3065,25.246029521440093,55.30629611932314,0.5186401053400544,0.025752596624085113,4,48.60396122692309,0.0006493462456596611,0.24453578851161858,0.7554642114883815,123
25.246000000000002_55.3025,25.24594001999192,55.302491784095764,0.5182535009069432,0.04980963564210661,12,48.66372399200002,0.0037570176301178417,0.20929788660120077,0.7907021133987993,124
25.247_55.3065,25.247102827380505,55.30657989328558,0.5177680865459379,0.028033458511710112,37,48.80967344600003,0.038067104580166065,0.1758288759173769,0.8241711240826232,125
25.2405_55.3025,25.240537489606027,55.30266121029854,0.5165736809054281,0.04180990818869549,19,48.721488530000016,0.0022186480070414843,0.20411662260691324,0.7958833773930868,126
25.2465_55.31,25.24639235046919,55.310194194316864,0.5159143868873494,0.01254021537083664,8,49.234191530000025,0.0074286990695529125,0.1541074117024739,0.8458925882975261,127
25.2435_55.300000000000004,25.243412769577123,55.30017212033272,0.5155518948449269,0.01659233973201316,13,48.77560718000003,0.0013737637772518946,0.22646202864470302,0.7735379713552969,128
25.2495_55.309000000000005,25.249486484313937,55.30901436622326,0.5143358544714121,0.07112445514101252,39,49.66757893769233,0.20167599500829408,0.3059411249646811,0.6940588750353189,129
25.242_55.307,25.242192248457297,55.30677080154419,0.5138775924299352,0.08502287994292987,3,48.36943246999999,0.03987154566875737,0.32767792836546744,0.6723220716345325,130
25.248_55.3125,25.24816595284564,55.31266003847122,0.5131495223538909,0.011013723349837643,4,49.38173606000001,0.00615268283420135,0.09013366699218749,0.9098663330078125,131
25.2395_55.298500000000004,25.23970709447164,55.29866963624954,0.5126979449349407,0.020492386155591076,4,48.92115786500002,0.0013606548309325751,0.1933624126293041,0.8066375873706959,132
25.2435_55.298,25.24360853973399,55.29783248901367,0.5124609824482935,0.019558766147289647,6,49.05132746,0.0027389526367186997,0.14878492002133967,0.8512150799786604,133
25.243000000000002_55.3065,25.24289838234306,55.30670369372648,0.5121252634175221,0.018406434447154587,17,48.315950510000036,0.006921001509124103,0.30463360805137485,0.6953663919486253,134
25.240000000000002_55.3025,25.240041462684218,55.30252928393228,0.5120380118443354,0.037489303805606916,21,49.31222004371431,0.004655484799985492,0.15685678209577286,0.8431432179042271,135
25.244_55.3055,25.24406841305255,55.305487513542175,0.5115762368112964,0.0058771859725743475,9,48.70534788000001,0.020240924976490122,0.26136476022225835,0.7386352397777416,136
25.245_55.298500000000004,25.245027680333717,55.298550724983215,0.5114294573272734,0.04360306299774445,19,48.919014106842106,0.014429125869483242,0.22275884527909123,0.7772411547209087,137
25.245_55.306000000000004,25.244976106203403,55.30605741169142,0.5100754826455044,0.0341374321472449,14,48.93883001913046,0.014270146687825471,0.1969978221948596,0.8030021778051405,138
25.253_55.3065,25.252829596894085,55.30637741088867,0.5089135319382961,0.010787121412760328,3,49.01180660375002,0.06753653067129627,0.16261333889431423,0.8373866611056857,139
25.241_55.301,25.241015119076064,55.30112715143906,0.5076617341525083,0.027884104194363376,12,48.814644566315806,0.0008182790544297679,0.30405232502005947,0.6959476749799405,140
25.247_55.3025,25.247041566237435,55.30237555503845,0.5068781920664015,0.026095980447858276,21,48.75304417892858,0.0038605341835627003,0.22581204913911362,0.7741879508608863,141
25.246000000000002_55.301,25.246137385904646,55.30105095643263,0.5056121928177656,0.03339761046505084,13,48.15646353153848,0.018748063307542032,0.3606041150215344,0.6393958849784656,142
25.244_55.301,25.244201037385242,55.30111062526703,0.5051929614876742,0.045592172186954376,5,49.909250480000026,0.01807691786024302,0.09333190917968745,0.9066680908203125,143
25.2435_55.3005,25.24358400945107,55.30030131340027,0.5051479608207502,0.034406179286813054,5,48.86903306000003,0.00115417904323998,0.21784529273892622,0.7821547072610737,144
25.2455_55.3035,25.24549965466823,55.303521791230075,0.5050827884100035,0.04725178385364818,88,48.759755493043485,0.04161269176153484,0.2862793828746163,0.7137206171253837,145
25.241_55.298500000000004,25.240916925184237,55.2986478805542,0.5043242115395187,0.040656231619816345,17,48.94660312500003,0.014150681838490553,0.23609613489221642,0.7639038651077836,146
25.248_55.3085,25.24799406427659,55.308566737174985,0.5036108179221906,0.06721879946704694,50,49.42669441640001,0.1341664377848307,0.2991699812147352,0.7008300187852647,147
25.242_55.297000000000004,25.24202269127541,55.29690772294998,0.5029806853100923,0.025967669650129758,18,48.206696740000034,0.007645218460648089,0.34824519687228733,0.6517548031277127,148
25.248_55.304,25.24787857560994,55.30403885990381,0.5029683892891714,0.041846321484923864,16,49.288025345000015,0.009152730305989544,0.18476814693874782,0.8152318530612522,149
25.2425_55.303000000000004,25.242518072352336,55.30307400226593,0.5024830197296437,0.03674176952602855,11,49.04534592500001,0.0015669639664466501,0.2121654669443766,0.7878345330556235,150
25.247500000000002_55.3025,25.24747794450203,55.30261409282684,0.5020633691752705,0.023382257276312778,23,48.96319951100002,0.005517397525805745,0.22027672661675346,0.7797232733832465,151
25.243000000000002_55.302,25.243095125170193,55.30201490108784,0.5014261793499605,0.018889146289826436,8,49.72796395769233,0.0016266902287800874,0.12682675092648235,0.8731732490735177,152
25.248_55.3005,25.248038993379843,55.30035209655762,0.5012858665252591,0.05050608729501416,4,49.39996550000002,0.0103543599446614,0.1465914408365885,0.8534085591634115,153
25.240000000000002_55.3005,25.239835679992694,55.30036211013794,0.5007359537941012,0.0355462944089944,6,49.44041207,0.11114729775322806,0.2799852689107259,0.720014731089274,154
25.240000000000002_55.295500000000004,25.239958927818343,55.29561996459961,0.5006577368967201,0.07734663771881055,12,48.198417536,0.009321636623806383,0.3989753723144531,0.6010246276855469,155
25.2455_55.302,25.24570032922336,55.302075147628784,0.499917272327618,0.008291444051114026,5,48.477441902000024,0.00799840291341144,0.31603062947591143,0.6839693705240886,156
25.2395_55.300000000000004,25.239613901943425,55.299916968626135,0.49919732657259125,0.022004620991705595,22,48.87375797000002,0.008260640231045764,0.21684976964215047,0.7831502303578496,157
25.241_55.301500000000004,25.241038837539033,55.30130289494991,0.49919202386861744,0.020835172152461993,18,48.61958880875002,0.002208356504087046,0.29211005899641246,0.7078899410035876,158
25.247500000000002_55.305,25.247585521549425,55.304985963381256,0.49868859142970795,0.029809513008398784,12,49.52932441076926,0.003954569498697883,0.14212244800013352,0.8578775519998665,159
25.2465_55.3005,25.246577081784693,55.30049800872803,0.49866775103219674,0.027173451396630112,45,48.78281941716983,0.009627165617766154,0.2688117597088124,0.7311882402911877,160
25.2465_55.310500000000005,25.246445829702452,55.310439853107226,0.4978066333124315,0.03382692081511112,13,49.40227769000004,0.010190654004740885,0.1426900227864583,0.8573099772135417,161
25.244500000000002_55.306000000000004,25.244660519770775,55.30604556549427,0.4969425217420671,0.022482552685836613,42,49.074776666976746,0.01001977163647844,0.2326607962911443,0.7673392037088558,162
25.2395_55.299,25.239558521964398,55.29900401830673,0.4965326453782777,0.041043870611306515,20,49.0457121414286,0.0043691688113741845,0.19568132597302632,0.8043186740269738,163
25.247500000000002_55.3065,25.247436309891377,55.30669237886156,0.49636482545533017,0.04492610959544547,14,49.0767184657143,0.06104218013702873,0.2929502214704241,0.7070497785295758,164
25.2425_55.3065,25.242476447597422,55.30663043260574,0.49618520831242335,0.03646548047659907,42,48.20691375714287,0.005434894724728377,0.3651980469255453,0.6348019530744546,165
25.2395_55.297000000000004,25.239584849059888,55.29698431491852,0.49585366295257505,0.05274646795572884,38,48.1187548832,0.0017061177750079591,0.35558007346259224,0.6444199265374079,166
25.2395_55.3025,25.239510078959448,55.30238979137861,0.495822123837751,0.04040567757338536,20,49.43158218500001,0.005369790395100871,0.1758564761561206,0.8241435238438795,167
25.244_55.3005,25.243927645852736,55.30050096840694,0.4950980416688246,0.01489743203033844,20,49.05209356793107,0.002678585052490198,0.24379214290458123,0.7562078570954187,168
25.25_55.312,25.25005944215303,55.312090412928505,0.4947738202956763,0.03603299774838319,46,48.84105349884616,0.006761099405334727,0.27224870828481823,0.7277512917151818,169
25.2465_55.3035,25.24643340799819,55.30355339464934,0.49471450073803275,0.06998372010911362,20,49.54240776826088,0.02578269110785585,0.20867617694652021,0.7913238230534797,170
25.242_55.2965,25.24185744706814,55.29666781425476,0.494513272360057,0.021572153383222187,4,48.107953940000016,0.011896133422851524,0.39219315846761066,0.6078068415323894,171
25.244500000000002_55.31,25.24434660050905,55.310052037239075,0.49428552149968596,0.03584519838424777,3,49.638657230000035,0.11180532355057564,0.2688571193761992,0.7311428806238007,172
25.248_55.313,25.247900227477356,55.31289678812027,0.49388466377165974,0.028167908904279497,8,49.47345293000003,0.023342556423611077,0.16834682888454858,0.8316531711154515,173
25.25_55.310500000000005,25.250016335074612,55.31045230535361,0.4933761235453491,0.08920409120559414,3,50.40118243538463,0.010064358181423587,0.19626101098879414,0.8037389890112059,174
25.2425_55.302,25.242483834232157,55.30192108824849,0.49293120125251755,0.029257760654578864,17,49.03354307468754,0.0016935011919806684,0.21312832832336423,0.7868716716766357,175
25.241500000000002_55.303000000000004,25.241478974775408,55.30298428876059,0.4927175839051884,0.025742403692192595,37,49.20611493714289,0.0017352949033627892,0.22179291488001582,0.7782070851199843,176
25.2465_55.307,25.24650976209814,55.30710129176869,0.49193324731353016,0.013546871159679045,5,49.35864767000002,0.003045315212673578,0.17012652228860292,0.8298734777113971,177
25.237000000000002_55.304,25.23698732798531,55.30396225235679,0.491433305234983,0.02728371622577939,38,49.078920203272745,0.0027571449502866462,0.20411903304283063,0.7958809669571694,178
25.244500000000002_55.3005,25.24435630471038,55.300644636154175,0.49096615802589516,0.01459048811994851,7,49.00841232000002,0.003801618303571386,0.24968163761091822,0.7503183623890819,179
25.238500000000002_55.2995,25.238633116954425,55.299336075782776,0.49044116896600193,0.015266522743748701,10,48.910505036000025,0.0042128562927245495,0.2727951049804687,0.7272048950195312,180
25.238500000000002_55.301500000000004,25.23832984601561,55.30139634242425,0.4900986278173849,0.0380763874400505,7,49.1918606669231,0.0030665170578729,0.197942146888146,0.802057853111854,181
25.2505_55.302,25.25053529799789,55.301880687475204,0.4875057346041908,0.017848162976680588,4,49.07738986250003,0.004578908284505175,0.25609334309895837,0.7439066569010416,182
25.2395_55.301500000000004,25.239313845808848,55.30140572472622,0.48526665474852154,0.03517959384511866,19,49.41345768421055,0.02601521475273262,0.23472088261654497,0.765279117383455,183
25.239_55.301500000000004,25.239202186058026,55.301640033721924,0.48515250816514804,0.03449490521835778,9,49.35344245000002,0.05728947674786598,0.27859168582492405,0.721408314175076,184
25.247_55.306000000000004,25.247204454543652,55.306081026792526,0.4851136824708083,0.023367984593252407,4,49.396547480000024,0.03241560194227425,0.24477640787760419,0.7552235921223958,185
25.243000000000002_55.303000000000004,25.243174205888568,55.30309371650219,0.4846352625701667,0.007330978195637728,3,49.78726989125001,0.09212070041232635,0.1233200497097439,0.8766799502902561,186
25.2395_55.301,25.239446403968227,55.30095702893025,0.48418496011990314,0.05473846855507721,36,49.25275969270272,0.06130227336177114,0.2946624927692585,0.7053375072307415,187
25.2505_55.312,25.250426559329725,55.311909072539386,0.48413204510693436,0.0321851597170764,32,48.582103685000035,0.010114974445766818,0.33583353080001527,0.6641664691999847,188
25.254_55.3055,25.25415982157381,55.305603593587875,0.4835124050522396,0.03519909448001121,17,49.15737153050003,0.005467857410705134,0.24555666181776256,0.7544433381822374,189
25.2535_55.304,25.253684919174834,55.30378460884094,0.4830896599622598,0.0022836291518785147,3,49.30084292000003,0.0005709330240885,0.23017332288953987,0.7698266771104602,190
25.245_55.3065,25.244990457825413,55.3066088123755,0.48292649656315517,0.02765303916599405,27,49.34799605954546,0.007406091177335307,0.12354281299003134,0.8764571870099687,191
25.242_55.303000000000004,25.241936699605706,55.30309684574604,0.48285564227103694,0.028059444380353023,18,49.26794447750003,0.0017591229191532335,0.22419933919553403,0.775800660804466,192
25.245_55.3055,25.244816213688825,55.30549687998636,0.4828537229485501,0.026845158010832045,42,48.86915513214287,0.0061998367309569905,0.3029737245468866,0.6970262754531134,193
25.244_55.305,25.244016966866482,55.30498152083539,0.48271143728881766,0.04207641260847995,47,49.28942527872344,0.09025413432019819,0.3315802567394067,0.6684197432605933,194
25.2495_55.304,25.249620720088775,55.30383516441692,0.4826684018699392,0.010162380094777653,11,49.868234240000014,0.11992506547407666,0.2759072274872751,0.7240927725127249,195
25.243000000000002_55.3035,25.242944258121522,55.303522859300884,0.4825490487257219,0.03240331874317216,58,49.46100157142858,0.044352279312309145,0.2515707991531076,0.7484292008468925,196
25.253_55.3035,25.25300590625663,55.30339402811868,0.482474011298489,0.029154727171935915,7,49.68244043857145,0.0034750075567335998,0.1768368312290736,0.8231631687709263,197
25.2425_55.304500000000004,25.24263018337178,55.30448240168551,0.4810733698387783,0.0691539154410244,47,49.636972461276606,0.09430295750322633,0.2876243749127038,0.7123756250872961,198
25.243000000000002_55.301500000000004,25.242893387345806,55.30142471194267,0.48089170177065116,0.017708674128117777,3,49.52856850250002,0.0016317367553710666,0.19659225145975748,0.8034077485402426,199
25.2425_55.3035,25.24251340211254,55.30335355550051,0.48081609939241143,0.024902689993259293,31,49.225059007812504,0.007852434684726023,0.2530990375412835,0.7469009624587165,200
25.245_55.31,25.245058974999417,55.30993645841425,0.48077404471784513,0.054103474693039985,10,49.36050290545456,0.0597906596758212,0.28859973726977317,0.7114002627302268,201
25.2425_55.301500000000004,25.24254631893087,55.301587062222616,0.4807643884118674,0.029522236684123696,55,49.167564554428616,0.0032012419267133814,0.26248488199143183,0.7375151180085683,202
25.244500000000002_55.310500000000005,25.244669611372252,55.31043597630092,0.4802667365037285,0.023992038256367816,7,49.25885010285716,0.035752291189399224,0.28332541520732984,0.7166745847926702,203
25.2525_55.303000000000004,25.252604596167803,55.302881956100464,0.4798805840005922,0.04479710953613122,19,49.476614598500014,0.03156463444581502,0.23855512407090926,0.7614448759290908,204
25.25_55.3125,25.249866710656022,55.31236374378204,0.47944113002374567,0.04069796183909282,28,48.876267869000024,0.012511147393120618,0.3200143884729456,0.6799856115270545,205
25.2375_55.301,25.23757601809409,55.30105748597313,0.4791371442457476,0.049833844258156554,14,49.32476906000002,0.0078388168698265,0.2527827468572878,0.7472172531427121,206
25.251_55.308,25.251078809931236,55.30796667803889,0.4790578996897938,0.06018925069522689,8,49.749941026086965,0.0021008222531049277,0.21796134666160297,0.7820386533383971,207
25.239_55.3025,25.23886677733326,55.30241356955634,0.47898360266570006,0.025265564747946098,74,49.28953391555557,0.01496442159016923,0.25558458728554806,0.7444154127144519,208
25.249_55.301,25.249080002569677,55.30082404613495,0.4788625549430101,0.06500523420805432,6,48.67135757000001,0.027467091878255162,0.28270443574881843,0.7172955642511815,209
25.239_55.302,25.239001565584264,55.30212081767417,0.47884828974994986,0.020925375022613647,29,49.11760933432434,0.009138421537318865,0.2718279669592688,0.7281720330407312,210
25.243000000000002_55.301,25.24292115261907,55.3010219335556,0.47865874297793765,0.01074475678596036,3,49.62745372000002,0.00032806396484373265,0.1767681969536675,0.8232318030463325,211
25.25_55.3095,25.25008341312827,55.309306383132935,0.4783786085584538,0.020208134961253392,11,49.32756562181821,0.07804623998776826,0.3247146991768268,0.6752853008231732,212
25.2435_55.304500000000004,25.243420015838943,55.304414222114964,0.47759545134151177,0.0558367743156151,114,49.33082555157897,0.06990789112291833,0.3175084465428403,0.6824915534571597,213
25.2375_55.301500000000004,25.237509240642265,55.30152665787056,0.47686775822678945,0.03552987703700933,38,49.544783085081995,0.0020129471494439942,0.18887388510782208,0.8111261148921779,214
25.242_55.3065,25.242003447459183,55.3065397846165,0.47669533253350094,0.034864296308557974,67,48.59657775432838,0.02846192956980767,0.38667551385353344,0.6133244861464665,215
25.242_55.301500000000004,25.242101472040606,55.301531329751015,0.47665687569870874,0.04354313663846616,22,49.23084471875001,0.02779745814776176,0.30223346639562537,0.6977665336043747,216
25.2405_55.2995,25.240346462392928,55.29942083358765,0.4755301653048187,0.017774398065408877,6,49.57360091600002,0.004616348831741882,0.21345231797960068,0.7865476820203993,217
25.2495_55.310500000000005,25.24952314309247,55.31033992767334,0.4752137585979533,0.05207214228362151,8,49.819812290000016,0.047824011908637123,0.23273232542438269,0.7672676745756174,218
25.2465_55.313,25.246606849970487,55.31291484832764,0.4746181014619762,0.04742373944714532,6,49.26723238999998,0.0008705986870659333,0.259841071234809,0.740158928765191,219
25.2505_55.309000000000005,25.250461307187997,55.30915550887585,0.474097688486466,0.05923489194451008,16,50.03507634125001,0.17480402522616914,0.3352349069383409,0.6647650930616591,220
25.2425_55.297000000000004,25.242458096893806,55.29709357964365,0.47345491465439954,0.028636762373133645,19,48.8447171457895,0.007703279194078901,0.3352129082930715,0.6647870917069284,221
25.244_55.3095,25.24398269235974,55.30949950218201,0.47269689892148786,0.05607107425193957,3,49.50592412000001,0.11352324904057014,0.3527018229166667,0.6472981770833334,222
25.2495_55.3035,25.249373812521977,55.3036904335022,0.4719426102844909,0.007637351960003536,9,49.78297363,0.07858205724645541,0.2741302207664207,0.7258697792335793,223
25.2425_55.2975,25.242381034305456,55.29766499996185,0.4718902453391348,0.032787996172614624,9,49.057372291666674,0.005618413289387988,0.2339335312078028,0.7660664687921972,224
25.239_55.299,25.238852927294054,55.29886668920517,0.4715939535893855,0.013031113951832924,4,49.171299962000035,0.0006147225697834786,0.29408105214436847,0.7059189478556316,225
25.247500000000002_55.3055,25.24743100479519,55.30549847162687,0.4715899232887067,0.026142972611940502,13,49.212368786923086,0.025942810580261703,0.30443331726595885,0.6955666827340411,226
25.2515_55.311,25.251418487088333,55.31092917665522,0.47144982735185037,0.05490744992720923,47,49.16055865234044,0.022226509473002514,0.3086623514234033,0.6913376485765966,227
25.242_55.3035,25.242124317815193,55.30327498912811,0.47134932664739665,0.004689004136225992,3,49.166970470000024,0.003914161964699033,0.2878406665943287,0.7121593334056713,228
25.242_55.3055,25.24196474320965,55.30554194604197,0.47127743920897397,0.0468672075506688,56,49.65970745532261,0.05260111604418068,0.2555285269214261,0.7444714730785739,229
25.235_55.304500000000004,25.235174753817788,55.30447060411627,0.47124723339654173,0.06440624405356969,31,50.20263053000003,0.00907227449792312,0.13202313948028074,0.8679768605197192,230
25.243000000000002_55.304500000000004,25.243026940054417,55.30443038882279,0.47116596331022564,0.0678335614252343,41,49.19517608219513,0.09524754780094795,0.38445247091898105,0.615547529081019,231
25.2375_55.302,25.237504136341876,55.30211904644966,0.4708617576203483,0.035923704679915125,58,49.434544469000016,0.06601830551907473,0.31206522517734103,0.687934774822659,232
25.237000000000002_55.302,25.237084958627964,55.30192296755941,0.4704267263009823,0.05401552611778351,75,49.31037739684212,0.04627261409053092,0.3130717500608567,0.6869282499391434,233
25.239_55.2995,25.23888114531575,55.29941274569585,0.4696009304839364,0.017910293373730627,4,48.84716649615386,0.015656630198160784,0.29236276740701783,0.7076372325929821,234
25.237000000000002_55.3035,25.237170130872215,55.30361920595169,0.4688065558927241,0.006546417897296755,4,49.19488430000001,0.0007397333780924167,0.28394889831542963,0.7160511016845703,235
25.247_55.300000000000004,25.246859443064377,55.29993551118033,0.4681407723495481,0.03156406867092387,26,49.55365432785714,0.010352354783278197,0.23105090005057197,0.7689490999494281,236
25.247500000000002_55.307,25.247557132792537,55.30679751187563,0.4676373187366128,0.030461631383608218,16,49.19338891625001,0.02646160125732417,0.3191958533393012,0.6808041466606988,237
25.254_55.306000000000004,25.25400917587261,55.30600941181183,0.4665220399660692,0.04217900531857752,26,49.37749201850002,0.007507716677316382,0.24656785926927527,0.7534321407307247,238
25.2525_55.3025,25.25242723684145,55.30266374349594,0.4663798697716392,0.042367699613214814,18,49.82797756000001,0.03842436237099725,0.23900710211859805,0.7609928978814019,239
25.251_55.302,25.251012870068458,55.30198728216106,0.4661784745013401,0.04064383408978202,28,49.49938273689658,0.009054955982026547,0.2520839501158031,0.747916049884197,240
25.247500000000002_55.304,25.247484945218368,55.30409267970494,0.46571538011421865,0.039825635801568955,39,49.57989983857143,0.03767955812633544,0.2718289087689112,0.7281710912310888,241
25.2425_55.307,25.242562507046166,55.30683152950727,0.46565978768100263,0.035490424892994914,26,48.3255240592308,0.04759008129822318,0.4806343767362207,0.5193656232637793,242
25.238500000000002_55.299,25.23851362816808,55.2991146594286,0.46502179272144684,0.05866163237997518,12,49.35499717437502,0.0017705758412678585,0.2709658543268839,0.7290341456731161,243
25.2435_55.301,25.243565652297402,55.30106422305107,0.46473358527093866,0.016513937621098703,14,49.71305613200001,0.01125835237048917,0.20618879000345863,0.7938112099965414,244
25.2505_55.304500000000004,25.250493702209646,55.30445524832098,0.4636395675601541,0.023082788536563103,41,50.29390277951222,0.09824545015164504,0.2414250567676575,0.7585749432323425,245
25.247500000000002_55.300000000000004,25.2475397263223,55.29999214410782,0.46315949676356205,0.051030413755269115,10,49.787056265000025,0.023230616251627558,0.23775736490885416,0.7622426350911459,246
25.251_55.311,25.251125928970932,55.311138689517975,0.4631474319066726,0.05985718449393811,27,49.09587565399999,0.01433931078229626,0.31602485335192915,0.6839751466480709,247
25.247500000000002_55.3135,25.247379751993698,55.313652773057264,0.4621042383628946,0.04858363958342968,25,49.42025310258069,0.003384419759114527,0.26098991786954623,0.7390100821304537,248
25.2455_55.304500000000004,25.245285882818866,55.30440017580986,0.4619835131710797,0.04115212833860795,12,49.32775982750001,0.01601628903989434,0.303343101784035,0.696656898215965,249
25.2365_55.305,25.236464712872912,55.30478820204735,0.46181381944304817,0.037012321132897125,8,48.63860154500003,0.0153740605800841,0.4083885781650568,0.5916114218349432,250
25.2395_55.296,25.239585272583117,55.29607740315524,0.46178874474407167,0.06024213397612407,33,48.17931805454547,0.014359715008976435,0.4774992201063368,0.5225007798936633,251
25.243000000000002_55.304,25.24285157992006,55.30400758565858,0.46148178334683876,0.03870400540819017,39,49.53696451093025,0.023289645159686016,0.28003085922517207,0.7199691407748279,252
25.243000000000002_55.307,25.24302970488482,55.30689356119736,0.4612772092866993,0.03657815653622362,69,48.55643283956524,0.028781331734197817,0.4372103900955196,0.5627896099044803,253
25.2545_55.3055,25.254349168718058,55.30541759270888,0.4612124399110353,0.047634043363421814,14,49.44604303884617,0.002577161032055991,0.22316614786783853,0.7768338521321615,254
25.2515_55.302,25.251436416299374,55.3021212328564,0.4611895779403034,0.040042646671503083,21,49.4511581177273,0.028021514731109424,0.30304748843414614,0.6969525115658539,255
25.247_55.313,25.24686697139565,55.31316041946411,0.46071545764283217,0.038369403549077745,8,49.16526146000001,0.0003773371378580271,0.2892747101960358,0.7107252898039642,256
25.2405_55.299,25.2405970814074,55.29898479580879,0.4599631077343887,0.024722336597150986,7,49.48883402000004,0.005534822978670574,0.233359866672092,0.766640133327908,257
25.2455_55.304,25.24532542134754,55.30405500105449,0.45979006481952567,0.030134090770502466,56,49.22753859821431,0.05306104629758801,0.36563918704078313,0.634360812959217,258
25.2425_55.301,25.242459756857315,55.30107821288862,0.4594518482163247,0.033008726850499395,33,49.456407803947386,0.003010666330253994,0.2760033858449836,0.7239966141550165,259
25.2465_55.308,25.246503187106317,55.3080803877429,0.45903909463507725,0.07469611397698818,190,49.778169413000015,0.13720176429079287,0.37616766321728795,0.623832336782712,260
25.247500000000002_55.304500000000004,25.247704901329445,55.30448147228786,0.4588758762133202,0.034939691152936596,14,49.60651156571431,0.007044474283854129,0.25978161039806547,0.7402183896019345,261
25.241500000000002_55.301,25.241472666887173,55.30102175474167,0.45817153447326175,0.039741528454938904,16,49.197618716000036,0.0012901690271165174,0.29210533919157805,0.707894660808422,262
25.2455_55.299,25.245548945179195,55.298894906044005,0.4579726967587097,0.03953399533270051,25,49.2229804244,0.018040240459332776,0.3330320602645493,0.6669679397354507,263
25.2465_55.300000000000004,25.246670936937885,55.300012081861496,0.45780899132968167,0.01928130527305097,22,49.288025345000015,0.011139956387606472,0.2889833450317382,0.7110166549682617,264
25.251_55.3115,25.250864215948422,55.31140469587766,0.45750683442597195,0.04165837738228273,62,49.19251797846156,0.015123866364947313,0.32832211225460733,0.6716778877453926,265
25.2505_55.3115,25.250606596588995,55.31160287740754,0.45716277750708967,0.03748160996885597,38,49.38654351902441,0.010848396702816565,0.29004064420374426,0.7099593557962557,266
25.241500000000002_55.3065,25.24154105230669,55.306413003376555,0.45707919987862505,0.04938855965692974,63,49.11415392285716,0.025573639773516822,0.36048871182107073,0.6395112881789292,267
25.240000000000002_55.300000000000004,25.23989581883439,55.30005833545288,0.45689730010775614,0.03763359131659981,46,49.44204709688313,0.04404748695484102,0.32346589775140494,0.6765341022485951,268
25.244500000000002_55.304500000000004,25.244437172947634,55.304681181907654,0.4561716740396699,0.03883815487144933,30,49.92497337199999,0.053086174858940925,0.26947426972565824,0.7305257302743418,269
25.241500000000002_55.306000000000004,25.241335834379868,55.30621513724327,0.45567115396989194,0.023487937203807104,8,49.388856935000014,0.007982929547627712,0.30321554342905677,0.6967844565709432,270
25.2515_55.3025,25.251633678144614,55.30235451001387,0.45563682404083305,0.06611124055803877,26,49.5976190796154,0.007457244090544827,0.2708480704543937,0.7291519295456064,271
25.2425_55.298,25.24259107389727,55.29787624754557,0.45429372807151946,0.01410299957680821,31,49.378373617561,0.000763749563565792,0.2563952701847727,0.7436047298152272,272
25.239_55.298,25.23891836414132,55.29789703232901,0.4542760972680645,0.09333926919634815,5,49.71539991714287,0.00262328253851992,0.2308400169251457,0.7691599830748543,273
25.2395_55.3005,25.239700624755653,55.30061602592468,0.4541619835419785,0.002522352088776508,6,49.55719442000003,0.017732461293538383,0.29253143734402126,0.7074685626559788,274
25.2495_55.31,25.249331223609136,55.31021296977997,0.45372473000062513,0.006493436673097855,3,49.835763050000025,0.0053682680483217,0.23763925057870372,0.7623607494212963,275
25.238_55.302,25.2379895750395,55.30196249485016,0.4536968858032407,0.041930275746444354,40,49.42471562696431,0.010402096642388193,0.299340460035536,0.7006595399644641,276
25.244500000000002_55.3065,25.244496013027202,55.3064886006442,0.45368946557165707,0.03210486384522801,98,49.565414616859535,0.011821199706892799,0.2566226813856673,0.7433773186143328,277
25.2455_55.298500000000004,25.2454634608314,55.298661427064374,0.45263484067697984,0.033434690667328106,11,49.40680154,0.014553570988202301,0.3163723801121567,0.6836276198878433,278
25.253_55.303000000000004,25.252985979411342,55.30302675706999,0.45218075396714946,0.0441128304535456,27,49.985240388928595,0.037820714000811745,0.25667367662702284,0.7433263233729771,279
25.242_55.305,25.242014040610204,55.304902439767666,0.45198083084893403,0.07863927744814371,22,50.37705312636367,0.11988980842359136,0.28582688533898554,0.7141731146610145,280
25.236_55.305,25.236094628988145,55.30476233788899,0.4511647379351044,0.05855361430092272,14,48.77800793214288,0.020008499350956242,0.42261497717143415,0.5773850228285659,281
25.243000000000002_55.2975,25.24301848209167,55.29743995517492,0.45097384213343966,0.033912361184179514,31,49.326851915937524,0.0060228737451696445,0.3193703889846801,0.6806296110153198,282
25.245_55.305,25.244932746562224,55.30497760000363,0.4508017914215179,0.05291169215798129,71,49.49400919112677,0.016651863969734153,0.3105954929883118,0.6894045070116882,283
25.247_55.2995,25.247167776729803,55.299652703737806,0.4503194315947081,0.028946448094389423,109,50.275905540677996,0.004701577438370001,0.18221777576511186,0.8177822242348881,284
25.2435_55.2975,25.243431167248428,55.29767498373985,0.44907617730819865,0.0368313610152636,8,49.22792516000001,0.0029850006103515126,0.2662301593356662,0.7337698406643338,285
25.238_55.304,25.237914161332032,55.304192304611206,0.448867847785904,0.027930186488956597,3,50.60738106500002,0.036429263927318406,0.15960075237132884,0.8403992476286711,286
25.249_55.3135,25.24887992398997,55.313284595807396,0.4483915077619836,0.026491044973899203,134,49.899869914000035,0.009319817841942584,0.24876823268309542,0.7512317673169046,287
25.247_55.3135,25.247120438509473,55.31342371513969,0.4460828402680865,0.05077391569759257,16,49.23014387473685,0.003286818732992193,0.34736314505274457,0.6526368549472554,288
25.2495_55.3125,25.249536235511815,55.312557220458984,0.445548860283083,0.04383319678208756,57,49.57132766142858,0.004262005841290464,0.2926184571819541,0.707381542818046,289
25.2535_55.3065,25.25364079152807,55.30656261103494,0.44465447727584034,0.03145879453942089,18,49.82941529857145,0.0030564908628110056,0.27095092289031497,0.729049077109685,290
25.2485_55.31,25.2486763101953,55.3099848242367,0.4443196411593465,0.029829762337611924,13,50.10417815000002,0.005195813301282021,0.22010942845562703,0.779890571544373,291
25.249_55.3005,25.248918076053748,55.300646261735395,0.4443150551943901,0.05181491599672319,9,49.084420108181824,0.040454581931785256,0.38606508813723167,0.6139349118627684,292
25.2375_55.3035,25.237301145272642,55.303372263908386,0.44366050657936196,0.0112196857231895,4,49.59684345200003,0.00100644429524735,0.3018641153971354,0.6981358846028647,293
25.249_55.3095,25.248867057415126,55.30947893857956,0.443317609144198,0.04987584944380918,9,49.961944955000014,0.004388314706307822,0.22221713595920137,0.7777828640407987,294
25.243000000000002_55.298,25.242829716363666,55.29813504219055,0.44321845121974557,0.017493969619582654,25,49.43794350000001,0.0021942520141601087,0.310012365270544,0.6899876347294561,295
25.247500000000002_55.306000000000004,25.247311804707998,55.30597239732742,0.44274066156561115,0.03351755423781982,8,49.558903430000015,0.06577597724066836,0.37771352132161456,0.6222864786783854,296
25.2485_55.3085,25.248464578303096,55.308665718351094,0.44265740800792047,0.05126460802667385,28,50.29542570392858,0.1260198260110522,0.33167183588421534,0.6683281641157847,297
25.249_55.309000000000005,25.248981683931063,55.30891701579094,0.44251200639337157,0.05035631186602893,48,50.089942683125024,0.1025380381831416,0.33766226415280937,0.6623377358471906,298
25.2375_55.2995,25.237691414836668,55.29953394617353,0.44247301038695247,0.06272370252140233,7,49.3208627514286,0.006212688627697115,0.349364507765997,0.650635492234003,299
25.238_55.300000000000004,25.237925864025534,55.29993169447955,0.4424552464893565,0.07662400157965892,48,49.26760100000002,0.039825121561686154,0.3784529240926106,0.6215470759073893,300
25.2435_55.301500000000004,25.243360973003572,55.30148899555206,0.44225876034483225,0.02400970270856928,11,49.94263314200001,0.002048030044093209,0.2312257130940755,0.7687742869059245,301
25.2395_55.295500000000004,25.239720842618627,55.295671820640564,0.4419259203958834,0.005993086000013403,3,48.58305872,0.02128134833441837,0.4801885816786024,0.5198114183213977,302
25.238_55.301500000000004,25.2380506932013,55.301683860666614,0.4417340149164719,0.006218442220415388,8,49.42208210000002,0.0016900698343912221,0.28595690633736404,0.7140430936626361,303
25.2455_55.3095,25.245346776189592,55.30944621562958,0.44081807713233573,0.023375846417457994,15,49.402472048000014,0.02463240446867761,0.3618748135036892,0.6381251864963108,304
25.252_55.3025,25.252016175333182,55.30247646409112,0.4399989747749422,0.0397307383069214,111,50.156102347837866,0.017397448107286925,0.2411477639749124,0.7588522360250877,305
25.238_55.304500000000004,25.23802848050198,55.304363646677565,0.43994273366944786,0.03737622198921113,23,50.503924923928594,0.08743207351021141,0.25882700132945224,0.7411729986705478,306
25.2375_55.300000000000004,25.23756964342118,55.30002236366272,0.4398788305159141,0.09558690713772275,3,49.23647021000002,0.0348421732584635,0.401137457953559,0.598862542046441,307
25.2405_55.3055,25.24046523075619,55.3054704115941,0.43918368183404266,0.048691075189564656,16,50.257428401923114,0.0014155838224622556,0.17478261849819082,0.8252173815018092,308
25.2435_55.307,25.243499469119413,55.30702886581421,0.4373194531457915,0.04651268141183934,99,49.05076348670001,0.03672883039420666,0.43583126938502814,0.5641687306149719,309
25.2435_55.303000000000004,25.243330081038774,55.30291937291622,0.43530501677477923,0.025302453230002478,6,49.953043861250016,0.0707403112340856,0.2704819573296441,0.7295180426703559,310
25.238500000000002_55.303000000000004,25.238623972195082,55.30279563023494,0.43479083171682004,0.024092968951832657,13,50.21950152615386,0.009323641785189584,0.23746920854617387,0.7625307914538262,311
25.25_55.305,25.25020017309555,55.305079988070894,0.4346066316089443,0.04821922470536231,6,50.85726274142861,0.022710164388020815,0.1351671975756448,0.8648328024243552,312
25.243000000000002_55.297000000000004,25.242872361462158,55.29719263315201,0.43459361788111356,0.030155934636387088,6,49.26324470000004,0.003083546956380133,0.37723837958441836,0.6227616204155816,313
25.252_55.311,25.251792730401775,55.31079053878784,0.4343988410966937,0.0013260560120446551,3,49.023983300000026,0.023652394612630166,0.43695110744900173,0.5630488925509983,314
25.249_55.31,25.248932962594694,55.31013920903206,0.43341971129320134,0.029021524925391548,5,49.85157139250001,0.00135158962673606,0.24592816388165506,0.7540718361183449,315
25.239_55.3055,25.23919355972951,55.30559599399567,0.4327762042078375,0.023404965588766355,3,49.624985150000015,0.008948855929904501,0.33362367418077254,0.6663763258192275,316
25.247500000000002_55.2995,25.247313624203624,55.29970541596413,0.4326864311636451,0.019867599626834397,4,50.44758863000004,0.010254436069064624,0.20966540442572695,0.790334595574273,317
25.246000000000002_55.299,25.245974656118168,55.29907272412227,0.43239946130657153,0.0397933003723436,37,49.5436538023077,0.010256661816185059,0.33711529753531194,0.6628847024646881,318
25.247_55.304,25.24690917605926,55.30391399349485,0.4320162902487022,0.04424917157022664,50,50.0252190157143,0.02953413221571177,0.2910237690759083,0.7089762309240916,319
25.237000000000002_55.301500000000004,25.237007647083725,55.3015025748926,0.43159938339601367,0.0428883562034119,62,49.64068458500001,0.023375136877900764,0.323964235829372,0.676035764170628,320
25.2495_55.313,25.24939510690126,55.31288802623749,0.43131243308418993,0.023260026951967893,17,49.353632340000026,0.008814593545751582,0.3770742063169126,0.6229257936830874,321
25.2375_55.304500000000004,25.23770550981236,55.30426025390625,0.4310083111794041,0.020508386621402794,3,50.26985159,0.0183888188114872,0.25055030540183737,0.7494496945981627,322
25.248_55.307500000000005,25.248054690872745,55.30752034748302,0.43034757402341006,0.0492420185842824,9,49.89598052000004,0.0038762975622106074,0.16758807811861723,0.8324119218813828,323
25.2525_55.307500000000005,25.252426768024353,55.30755058578823,0.4300172274666706,0.03339966928356818,19,49.592414886956554,0.0113542344835069,0.3287055711239432,0.6712944288760567,324
25.25_55.307,25.249785684280365,55.30691295862198,0.4295606896922375,0.025581522890606757,6,51.57382622,0.09110146981698493,0.13543644657841436,0.8645635534215858,325
25.2465_55.311,25.246331093710854,55.31089425086975,0.42951199636321374,0.014783326958193135,5,49.57086650000002,0.00512797037760412,0.2958328812210648,0.7041671187789351,326
25.244_55.304500000000004,25.244026167266956,55.30459336638451,0.4290363289469913,0.0641893941749209,100,49.54393250240002,0.05012522591484913,0.4019517707824707,0.5980482292175293,327
25.2455_55.307500000000005,25.24539222379459,55.307705104351044,0.42878661997140066,0.06265164741893943,4,50.75991020750002,0.1963389714558919,0.3776510026719835,0.6223489973280165,328
25.238500000000002_55.304500000000004,25.23854041480627,55.30447678510533,0.4286667960665409,0.0682344916752845,41,51.17860772139537,0.0801986084397892,0.18763179434054272,0.8123682056594573,329
25.248_55.300000000000004,25.247982505651745,55.30011739672684,0.4282603990419777,0.01797670035964549,120,49.786007238536634,0.035035887994488375,0.34775197788362755,0.6522480221163725,330
25.2535_55.3035,25.253523443537723,55.30344101098868,0.42784633599052596,0.04396066797372955,25,50.125308782692294,0.01765029907226558,0.2754111493754591,0.7245888506245409,331
25.244_55.31,25.244110464670438,55.30992150306702,0.42718430338565544,0.02772560685943572,3,49.53782564000003,0.0091701083713107,0.3631570604112413,0.6368429395887587,332
25.25_55.304,25.250009355845584,55.30406990647316,0.42676560665342517,0.029369501569531484,20,50.19328794200002,0.05605335235595699,0.3157690684000651,0.6842309315999349,333
25.246000000000002_55.304500000000004,25.24624618331036,55.304477512836456,0.4254157947537361,0.00518439526389876,5,49.61188274,0.0021504720052083,0.3420376247829861,0.6579623752170138,334
25.2395_55.2965,25.239417153826295,55.2963840007782,0.4250758009182606,0.0412854088035302,148,48.13851103880002,0.004395610935337144,0.5776599573206018,0.4223400426793981,335
25.251_55.309000000000005,25.251024174062348,55.309059619903564,0.42494283779441333,0.04435570924786949,15,50.513942800869565,0.11827878598813654,0.2803878599894795,0.7196121400105204,336
25.236_55.304500000000004,25.235913822475638,55.30466265403307,0.4248615267597748,0.06524077225794299,52,49.20734035365386,0.010190239918077704,0.42139543004743063,0.5786045699525694,337
25.2465_55.304500000000004,25.246444472465058,55.30452340233083,0.4241684024926663,0.023878210869437994,31,49.63207696020409,0.001087913376456055,0.35486933217297334,0.6451306678270267,338
25.241500000000002_55.3035,25.24141084964272,55.303678035736084,0.4240572519693049,0.03357334320984333,24,50.39939454800001,0.010857211218939837,0.24761269463433158,0.7523873053656683,339
25.2455_55.309000000000005,25.245463481366357,55.309069600216176,0.42363071523499274,0.04926751755953657,42,49.943311446744204,0.0702892769813803,0.37984597538014614,0.6201540246198539,340
25.25_55.3065,25.249864123044272,55.3065150976181,0.4229655740857767,0.03975849374800072,12,51.466728260000004,0.08968890154803238,0.16908574987340855,0.8309142501265915,341
25.247500000000002_55.314,25.247602211320746,55.31391220248264,0.4227550542250099,0.06638821233044341,40,49.60690431956523,0.0060149934556748596,0.33849987085314764,0.6615001291468524,342
25.244_55.301500000000004,25.244034301205144,55.30148798769171,0.4219374439790838,0.04593805861161869,5,49.985379107272756,0.0003540039062499711,0.25243462456597227,0.7475653754340278,343
25.2425_55.304,25.2425201987415,55.304092799915985,0.4206463172750253,0.03719219348899565,67,50.00447752250001,0.03135456730477248,0.33260252740648055,0.6673974725935194,344
25.244500000000002_55.305,25.24465286473523,55.30483900308609,0.42051614685039346,0.008440088459532615,50,49.95700021940001,0.01107504950629336,0.3202754041883681,0.6797245958116319,345
25.2395_55.3055,25.239365388343316,55.30570748974295,0.4202919269112286,0.0477164212592002,15,49.74076220000002,0.0063331251066069665,0.3297484309047385,0.6702515690952614,346
25.2515_55.306000000000004,25.25128551367881,55.30585639178753,0.4197819813388972,0.003667426001687559,8,50.80348996250001,0.027242183685302686,0.21084594726562497,0.789154052734375,347
25.2375_55.304,25.237595060580162,55.304056041094725,0.41959700098697256,0.023847089444541274,32,50.17324020836735,0.006602356831232665,0.2661206100533068,0.7338793899466932,348
25.2525_55.3085,25.25269563823375,55.30861847540911,0.4193926734660896,0.021260906225884987,14,49.814350160000004,0.01842244466145829,0.35564898821263524,0.6443510117873648,349
25.2455_55.3085,25.2455829978338,55.30848733403466,0.4189047747530239,0.03319598281313982,22,50.71302895590911,0.10420729755277898,0.31177207707471505,0.6882279229252849,350
25.248_55.3145,25.247938463287,55.314415991306305,0.41626806098578567,0.10209550515942996,75,49.785784928292706,0.05883091286388898,0.4072562488371108,0.5927437511628892,351
25.246000000000002_55.2995,25.246120217182085,55.299308345868035,0.416186642660692,0.035647049876535906,7,49.87664782769231,0.0021843683151971287,0.2418396778595753,0.7581603221404247,352
25.2535_55.303000000000004,25.253311739835773,55.30322581529617,0.4156651876570986,0.03143758947969524,4,50.26130654000002,0.04120106167263453,0.3207688861423068,0.6792311138576932,353
25.242_55.301,25.242134628647825,55.30111759901047,0.4147198371620308,0.026485375219232873,6,49.55569903625001,0.0029876143844039,0.3957686954074436,0.6042313045925565,354
25.245_55.304,25.24519987418165,55.30402304444994,0.41470931185142357,0.03684110614427817,35,49.26871353200002,0.07130135430230031,0.5082022651793464,0.49179773482065353,355
25.241_55.306000000000004,25.240961727480656,55.306154519319534,0.41311414338868563,0.040495775429842486,37,49.77710128175,0.009107892669646666,0.34588997356828755,0.6541100264317125,356
25.2505_55.305,25.250288199802355,55.30489299978529,0.41241800034630405,0.03894702997173729,7,50.76106989285716,0.05475119938926086,0.2686040969122024,0.7313959030877976,357
25.241_55.3065,25.241093851996542,55.30633588631948,0.4113256434975706,0.044097576311395444,25,49.505164560000004,0.006588946603841396,0.4051380531087499,0.5948619468912502,358
25.241500000000002_55.3055,25.24152234761126,55.30540283845396,0.4102730215365343,0.021142590214634854,44,50.349442627142885,0.02264373952692201,0.2981526316428671,0.7018473683571329,359
25.248_55.307,25.248063694259784,55.30691092664545,0.4096023846559855,0.027412974414870034,40,50.087826488545474,0.0264252556694878,0.3428394356159249,0.6571605643840751,360
25.242_55.304,25.24199199442202,55.30392553657293,0.4087987635324093,0.0418378022541917,76,50.25537841156251,0.009870228014494197,0.28782944326047544,0.7121705567395246,361
25.254_55.3065,25.253863389598056,55.30650979088199,0.40835574378272144,0.049383083490883856,24,50.12971277000001,0.004146711561414899,0.31224572923448346,0.6877542707655165,362
25.238500000000002_55.3025,25.238555259000826,55.30267563733187,0.4079221351370551,0.03033840556653167,29,50.12520719818183,0.008340287482601435,0.32019740403300584,0.6798025959669942,363
25.238_55.3025,25.23797871235974,55.302420258522034,0.4075889354079145,0.03330778851477932,27,49.89821959727275,0.0174327269503118,0.38277574661203506,0.6172242533879649,364
25.248_55.314,25.24801636849808,55.313971094463184,0.4074349776836083,0.07574264676692558,86,50.04786605195652,0.0222996075948079,0.3601381655092593,0.6398618344907407,365
25.244_55.307,25.243986407904416,55.30717820734591,0.4069326163812553,0.03316810899355702,111,49.61933463945947,0.04897678156147506,0.45232541202964416,0.5476745879703558,366
25.2485_55.3005,25.248459936411837,55.30041120269082,0.4049123623259526,0.04127828238963319,25,49.79277885909093,0.0334200541178385,0.3466592011628327,0.6533407988371672,367
25.2465_55.2995,25.246553907383188,55.299453707411885,0.4048298580586773,0.038337642141971044,62,50.07697378953128,0.018672984133484498,0.35013099511464435,0.6498690048853556,368
25.245_55.304500000000004,25.24514199592083,55.30450771961893,0.4048262930228664,0.047621439588621306,28,49.52923989928572,0.02723371414911176,0.4482045552087208,0.5517954447912792,369
25.249_55.3085,25.24878497906925,55.30872970819473,0.40381129020963236,0.039101339185970765,4,50.34333902000003,0.10233137342664925,0.40930313534206814,0.5906968646579318,370
25.245_55.307500000000005,25.244908310739877,55.30754613876343,0.403767022562436,0.029804968906539667,30,50.57616314900003,0.13019823561402552,0.40449855440076565,0.5955014455992343,371
25.2375_55.303000000000004,25.23749200548427,55.303004533052444,0.40285151671326763,0.0324881018024022,10,49.99156779500004,0.002024968465169236,0.3831620746188693,0.6168379253811307,372
25.2405_55.3035,25.240525164027474,55.30347526073456,0.4016509160099027,0.06491485578558503,7,50.67024821857145,0.13290641421363464,0.39915030343191965,0.6008496965680804,373
25.252_55.310500000000005,25.25195197472961,55.31047719855641,0.40145745625133333,0.03607372797321152,43,50.01421548953489,0.01316054785282416,0.36828180554609274,0.6317181944539073,374
25.235500000000002_55.304500000000004,25.235515164154567,55.304569280147554,0.4007481810457717,0.06799614008437732,81,49.898124824900016,0.005324310381453217,0.37935680291597057,0.6206431970840294,375
25.2535_55.307,25.253521682953398,55.30699548513993,0.40048814219371953,0.047865812387906034,34,50.54764001978264,0.05394475600298709,0.3286485165213617,0.6713514834786383,376
25.253_55.3085,25.25290839132079,55.308444224871124,0.40003735856003786,0.0423717041319076,34,49.94768129461541,0.04121720557119328,0.3932584778875367,0.6067415221124632,377
25.251_55.306000000000004,25.251210512540016,55.30610799789429,0.3999218212013853,0.008046176040269368,9,50.865536520000006,0.01128274423104739,0.24056879679361975,0.7594312032063804,378
25.2465_55.304,25.246525625711254,55.30394021854844,0.39901878203835683,0.019231713666364565,27,49.92069687255814,0.004556726526330972,0.3575897216796875,0.6424102783203125,379
25.251_55.307500000000005,25.250901897882628,55.30749163206886,0.39900590262185265,0.0250809523833014,16,50.90399483000003,0.001950263977050725,0.22588101555319387,0.774118984446806,380
25.2495_55.307,25.24972180112484,55.307107865810394,0.39888157675441244,0.04205509682730757,6,51.53280998,0.014471548574942067,0.14512238679108794,0.8548776132089121,381
25.25_55.311,25.25005658077643,55.31104534864426,0.3963970272873413,0.04450849047926815,7,50.511534087500024,0.014486888098338271,0.2368941130461516,0.7631058869538484,382
25.240000000000002_55.305,25.24000292177145,55.304956912994385,0.39579073874403287,0.023393399623486272,23,50.83690110800003,0.002921832356475935,0.21859097657380275,0.7814090234261972,383
25.2405_55.305,25.24052902434595,55.30514017261308,0.39496573280003705,0.02942368519785394,51,50.71640411672417,0.007713049844978636,0.25902158912570994,0.7409784108742901,384
25.241_55.3055,25.24103580492411,55.305295586586,0.39469118121202734,0.02462852323579858,38,50.47615977153848,0.01649163062112368,0.31827960055098575,0.6817203994490143,385
25.2465_55.299,25.246359086131513,55.299180837777946,0.3942792109546169,0.035176454351717415,13,50.110124886153855,0.024382827628372017,0.38647708729801017,0.6135229127019899,386
25.2435_55.3025,25.24351763480112,55.30251709314493,0.3935997357094982,0.042275610155490584,7,50.0584601992308,0.05229090130518348,0.24986775716145831,0.7501322428385417,387
25.238_55.305,25.23805204915327,55.30489146709442,0.39259215362918964,0.03478055174575874,4,49.62213680000003,0.07644875844319657,0.523068110148112,0.476931889851888,388
25.249_55.313,25.24892218441662,55.313110726220266,0.3911244424273824,0.03792531133512643,189,49.86257823071431,0.007208681190665599,0.3889890075360656,0.6110109924639343,389
25.241500000000002_55.305,25.241528868187178,55.30503420726113,0.39001157708312273,0.06334992758538864,42,50.94271854891308,0.06203972347198966,0.3162166761315387,0.6837833238684613,390
25.2375_55.3005,25.23758258312145,55.300533413887024,0.38990240913707774,0.03903855007196532,5,49.22564648000001,0.050524902343749956,0.5628194173177083,0.4371805826822916,391
25.2495_55.307500000000005,25.249545199274397,55.30737822470458,0.3895152258427904,0.046472485073729,22,51.619746575652194,0.06564038209240843,0.2152545578813783,0.7847454421186216,392
25.2525_55.309000000000005,25.252525536121258,55.30895030889355,0.3882066494740252,0.03895724513210384,60,50.58733521819674,0.011840813248245758,0.3159225338795146,0.6840774661204854,393
25.2505_55.3095,25.2505183164824,55.309399982978555,0.38717416359808127,0.0689663545187059,29,50.084983853103445,0.06262611886093895,0.45265552915375806,0.5473444708462419,394
25.2485_55.307500000000005,25.248295338089065,55.3073787689209,0.38581760482358707,0.016761298250846244,3,50.46353939000002,0.0016066939742476333,0.3146480984157986,0.6853519015842013,395
25.2515_55.310500000000005,25.251640144578797,55.31053926633752,0.385778207437657,0.053412819294615055,46,50.20048807543478,0.030197337053824116,0.4033544697047432,0.5966455302952568,396
25.244500000000002_55.307500000000005,25.244433938228045,55.307395472759154,0.3856849519820125,0.046699860400500066,38,50.288233868292714,0.08187408015995631,0.43458306822249393,0.5654169317775061,397
25.249_55.307,25.248885925976264,55.30718684196472,0.3855890187222763,0.0682997985295703,6,51.483248690000025,0.0027149341724536425,0.12413514690634643,0.8758648530936536,398
25.2545_55.304500000000004,25.254655530478157,55.3045354783535,0.3850541376567304,0.06269452886964685,31,50.651340600000026,0.0010229678136900355,0.3105442259046767,0.6894557740953233,399
25.2365_55.302,25.2365590878755,55.30198335647583,0.38499507732878163,0.035332045750917314,23,49.75170507666668,0.0025477754896965103,0.44818167038905765,0.5518183296109423,400
25.242_55.304500000000004,25.24199434837701,55.30451404196875,0.38412001974119453,0.04347255877191028,14,51.09579170857147,0.08235967726934519,0.3286758604503813,0.6713241395496187,401
25.2485_55.307,25.248432394396687,55.3070765250438,0.3826072513822749,0.03410267529806142,30,50.707404339459494,0.00549497251157403,0.30807540939376876,0.6919245906062312,402
25.239_55.303000000000004,25.238950337529335,55.30298575758934,0.3823684331522112,0.017972715384241472,8,50.69432694875003,0.015886783599853488,0.32193390528361,0.67806609471639,403
25.253_55.307500000000005,25.253131583034254,55.307533758528095,0.3814804608025485,0.027722141430498008,33,51.01714134500001,0.0033746456056331095,0.2618814979503357,0.7381185020496643,404
25.2405_55.306000000000004,25.240492921843245,55.30602161948745,0.38144699053108266,0.04246125568727916,54,50.265140265135166,0.0083719540233312,0.32718949073833137,0.6728105092616686,405
25.238_55.2995,25.2379245320855,55.29954892747543,0.38104731250321766,0.03359762186145685,48,49.46916365000001,0.012619142179135885,0.5085327443473998,0.49146725565260013,406
25.2455_55.308,25.24563443522856,55.308045917941676,0.3808303080190201,0.029842476840472525,31,50.9544479183871,0.10008490936100828,0.3791488943943728,0.6208511056056272,407
25.25_55.3055,25.250113186008345,55.30549943447113,0.3803030105856197,0.06071997696592461,12,51.54420338000003,0.058795646384910256,0.2451859933358652,0.7548140066641348,408
25.241_55.3035,25.240987444329576,55.30363565683365,0.37967672057936436,0.043210586538332776,10,50.63250351199999,0.02293968200683589,0.34682057698567703,0.653179423014323,409
25.246000000000002_55.308,25.245977588668296,55.30797038759504,0.3791809370340085,0.04947003658314398,21,50.877689480000015,0.11522765386672243,0.41223130402741603,0.587768695972584,410
25.254_55.304,25.254085700615132,55.30394367196343,0.37875428284466484,0.05653609465537304,16,50.787060161818204,0.0015832848019069672,0.27980796736900254,0.7201920326309975,411
25.244_55.302,25.24381772032288,55.301905274391174,0.37852131437193026,0.014884905580922456,5,49.91352300500003,0.008471001519097179,0.44340458622685186,0.5565954137731481,412
25.239_55.304500000000004,25.238971823722927,55.304622921076685,0.37820866210007037,0.033044601823744434,29,51.39779819000002,0.013704051459886063,0.21014614940091011,0.7898538505990899,413
25.2535_55.308,25.253278990568447,55.30783474445343,0.377260431361049,0.09232529786892357,3,50.87370179000001,0.07256613837348086,0.37143283420138884,0.6285671657986112,414
25.25_55.306000000000004,25.249985824326956,55.305994749069214,0.37671732067125085,0.06098807895447327,11,51.47214012500003,0.03928398363517987,0.22185389200846353,0.7781461079915365,415
25.236_55.303000000000004,25.235951713268804,55.30300779002054,0.37506747636002996,0.04686427061353071,12,50.187330821428596,0.0022106170654296498,0.44872907608274426,0.5512709239172557,416
25.238_55.299,25.238040069870085,55.29900720342994,0.37390297555209856,0.05819637297295091,53,49.829113932968774,0.0053354379266062684,0.46051928566561806,0.5394807143343819,417
25.2515_55.309000000000005,25.25129946267082,55.30923530459404,0.373805649349782,0.00024369567172176146,4,51.56186315000002,0.03213564554850255,0.23174699147542313,0.7682530085245769,418
25.2375_55.3025,25.23759860509284,55.302352174273075,0.37309311918135474,0.04158958083621626,51,49.92176172301887,0.08594653393448302,0.5451499411145097,0.45485005888549035,419
25.2535_55.307500000000005,25.25338278317946,55.30745508415358,0.37150596696772903,0.07112190383765797,24,51.00472589000002,0.10776754661842625,0.38960066295805434,0.6103993370419457,420
25.253_55.308,25.252947993260914,55.3079401363026,0.37093039065324973,0.04542792316595008,89,50.43641964545456,0.010468557979283661,0.37547644755388077,0.6245235524461192,421
25.2395_55.303000000000004,25.23948331134771,55.30314343316214,0.3698950269926982,0.0119831667030108,7,51.1602458,0.004147665841238786,0.2735007149832589,0.7264992850167411,422
25.2505_55.310500000000005,25.250289470529406,55.31063497066498,0.3697112195008387,0.03527774027526659,4,50.93978351000001,0.0038803948296440498,0.28877399585865166,0.7112260041413484,423
25.2395_55.304500000000004,25.239345059434562,55.30472278594971,0.36935087429604463,0.03844455823086243,7,51.307220660000034,0.003187663971431641,0.20787433341697406,0.792125666583026,424
25.252_55.31,25.25208581491552,55.30999114116033,0.36809373268248435,0.059512465484215876,54,51.19800226166668,0.017356166133174148,0.2873992527463308,0.7126007472536692,425
25.2545_55.305,25.254550879252953,55.30493694802989,0.3677244543057467,0.07364337241906227,68,50.00452778750003,0.0016264510310552839,0.4015409497247226,0.5984590502752775,426
25.238_55.3035,25.23788889968327,55.30346238613129,0.3672564132857246,0.03040199163023947,51,50.75197884745455,0.017171093061858485,0.3642292369495739,0.6357707630504261,427
25.2395_55.306000000000004,25.239584285320916,55.30581312520163,0.3667189765036721,0.03666029453880176,19,49.90225167714287,0.007485612031664611,0.4566362886081511,0.5433637113918489,428
25.2395_55.305,25.23957065266356,55.30482351779938,0.3666460060026145,0.03442422799935932,18,51.35727023857145,0.0037786165873209166,0.2291936975307565,0.7708063024692435,429
25.244_55.307500000000005,25.24405855097513,55.30730754863925,0.36610294520452163,0.022113377341065315,41,49.978027711707334,0.04507466148352405,0.5099031440057709,0.4900968559942291,430
25.249_55.307500000000005,25.249059718916175,55.307302102446556,0.36591125304253536,0.045806257675777715,8,51.49563901250002,0.005969789293077212,0.23565567864312065,0.7643443213568794,431
25.2485_55.309000000000005,25.248556453171595,55.30880856513977,0.3650543691077019,0.032127051401617444,20,50.26523726300002,0.052425405714246906,0.47710893419053824,0.5228910658094618,432
25.254_55.3035,25.253948529421205,55.30363243818283,0.3646183143849618,0.05935102727497726,20,51.107095589000025,0.010022269354926169,0.3031530804104275,0.6968469195895726,433
25.236_55.3035,25.235819542107933,55.303391218185425,0.3643376304022581,0.023543264979594792,3,50.50227695000003,0.0010965135362412668,0.38652759128146696,0.613472408718533,434
25.251_55.307,25.251034128278153,55.307000018656254,0.3639844226557953,0.012192417619403229,16,51.710333393750005,0.004170815149943,0.20638958613077796,0.793610413869222,435
25.253_55.309000000000005,25.25285587727127,55.309002846479416,0.362107842467286,0.05059867955899695,20,50.313431345000026,0.038747406005859325,0.4269510904947917,0.5730489095052084,436
25.239_55.297000000000004,25.239072990363287,55.29702594746714,0.36204649407949724,0.06428982931517388,45,49.690868723913056,0.006300288070867045,0.5144080931437764,0.48559190685622355,437
25.2365_55.3025,25.23633976317445,55.302376225590706,0.3618488329232906,0.04856239052017608,8,50.19785954375003,0.0011782646179198876,0.44022703170776367,0.5597729682922363,438
25.2435_55.302,25.24366892180842,55.30211538076401,0.3603468991919014,0.017586954961963115,3,50.112053000000024,0.0016677291304976445,0.4026720965350116,0.5973279034649884,439
25.238500000000002_55.298500000000004,25.238346996523003,55.29844870855068,0.3593722615709916,0.044935352380586574,39,50.28564519965521,0.002581115461822209,0.41525340902394264,0.5847465909760574,440
25.2485_55.314,25.248396156109205,55.31391912577104,0.35400672945284883,0.04384196494833304,38,50.03850744040817,0.016023379320289605,0.4959496824649456,0.5040503175350545,441
25.239_55.2965,25.239215880344567,55.296677470207214,0.3539447760392692,0.02213132463467197,5,49.46422427600002,0.00798772176106764,0.5823554992675781,0.4176445007324219,442
25.240000000000002_55.3035,25.240048255888002,55.303320458957124,0.3539086788526339,0.027083539954067135,7,50.67708425857144,0.0346401759556361,0.4264955066499256,0.5735044933500744,443
25.240000000000002_55.306000000000004,25.240002899697128,55.3059452094815,0.35249711431041375,0.03704664779650851,32,50.26056855840911,0.007366785021813621,0.40985994849129864,0.5901400515087013,444
25.251_55.3065,25.25113421515718,55.306498268071344,0.35070233786070526,0.026711247613506607,17,51.765838520000024,0.005790112065333895,0.23764015646541814,0.7623598435345817,445
25.2485_55.3135,25.248550218852202,55.31351242746626,0.3503263507904843,0.04791724475929813,125,50.22846913357143,0.010164784749348912,0.47731195345547256,0.5226880465445275,446
25.244500000000002_55.307,25.244425663727778,55.30707847326994,0.34808161881393446,0.022546782050531098,112,49.789665557053624,0.0438306605747414,0.5887968882004465,0.4112031117995536,447
25.253_55.3095,25.252777180527268,55.30934546675001,0.3468574281103533,0.06278333340563685,6,50.440752590000024,0.031088369864004598,0.41770250835115946,0.5822974916488405,448
25.239_55.2975,25.238890341758864,55.29745010619468,0.3429761164957999,0.061863757411938024,45,50.16654738978725,0.004329379988305322,0.5018329665452312,0.4981670334547687,449
25.238_55.298500000000004,25.238193558437022,55.29863072478253,0.3407175066100268,0.03582096181693143,19,50.21739241347829,0.0024766531604075103,0.477537625077842,0.5224623749221581,450
25.236_55.3025,25.236187331741082,55.30257238791539,0.3403695770124564,0.049253780066553836,13,50.3367659046154,0.005846854967948678,0.4855107038449018,0.5144892961550982,451
25.241_55.305,25.241044043612092,55.3050191514194,0.33878691888718193,0.07128277508371673,79,51.388790283125026,0.007974552202828276,0.3316762480470869,0.6683237519529132,452
25.255_55.304500000000004,25.25487006691764,55.304395100649664,0.3385560234248105,0.05185992140951043,30,51.30455661500003,0.0018668987132884395,0.3260275398204529,0.6739724601795472,453
25.238500000000002_55.304,25.2386678919958,55.30375957489014,0.3371025123363749,0.013316262677132705,3,51.63592025000002,0.015853034125434002,0.30740282270643443,0.6925971772935656,454
25.238500000000002_55.3035,25.23844230606838,55.30368983745575,0.33699329749580464,0.0107820753899385,17,51.36110474000004,0.019622391345454147,0.35383538638844203,0.6461646136115579,455
25.2525_55.3095,25.252483695112808,55.30949834230784,0.3352733294692795,0.05175575221878721,37,51.218444518918936,0.022815143023883218,0.38405000841295395,0.615949991587046,456
25.2525_55.31,25.252463317100787,55.31000873872212,0.3331255239887578,0.06100686614272013,39,50.77490473571429,0.023198749944355366,0.4289661084533368,0.5710338915466632,457
25.235500000000002_55.304,25.2355534662358,55.30403450131416,0.33262289426956265,0.027209210834536326,9,50.224847660000016,0.011256889060691512,0.545310550265842,0.45468944973415804,458
25.252_55.3095,25.25198252132011,55.309512965819415,0.33177000122982153,0.05736099100691104,49,51.95185253000002,0.02512012905544701,0.27893798828124994,0.72106201171875,459
25.238500000000002_55.298,25.238561029935852,55.29801413620988,0.33126357930182865,0.040794563387479485,59,50.481253785890445,0.0030196507771809425,0.46758748278205775,0.5324125172179422,460
25.235500000000002_55.3035,25.23563967811897,55.303547859191895,0.3281133356371067,0.029071267638076638,7,50.62680681200004,0.0020948137555803323,0.5239613850911459,0.4760386149088542,461
25.241500000000002_55.304,25.24141788661126,55.30388976518925,0.3245355635309157,0.0557321441156026,65,51.030404860769245,0.010753892425797896,0.414824863444706,0.5851751365552941,462
25.241_55.304,25.24122568891593,55.304179072380066,0.3214467823209536,0.05200740640453788,5,52.236922100000015,0.01974444919162322,0.26461003621419266,0.7353899637858073,463
25.239_55.304,25.239047990408366,55.30382599900751,0.31966897960154605,0.028418168855329634,34,51.91512557,0.02595074036542103,0.32566493165259264,0.6743350683474074,464
25.255_55.304,25.25486812863768,55.304149612784386,0.3146954695885284,0.05514744727310363,20,51.803616856250024,0.0013765123155381417,0.33063729604085285,0.6693627039591471,465
25.251_55.3095,25.251001775899535,55.30950164794922,0.3123031906348273,0.05011612719150268,45,50.88095558800002,0.01853224200966914,0.4965213822729794,0.5034786177270206,466
25.238500000000002_55.2975,25.238710484654252,55.29766470193863,0.3070180933672032,0.04877784341878058,16,50.78255459000002,0.003875944349500825,0.4645515253514419,0.535448474648558,467
25.252_55.309000000000005,25.2521145662609,55.30910611152649,0.3051671640717074,0.02451491382882004,8,51.67541737000003,0.005430645412868888,0.3810952269000772,0.6189047730999229,468
25.2545_55.304,25.254487311435035,55.303984209895134,0.29389328056435676,0.05580459806022709,32,51.91033028900002,0.0019341177410549134,0.34099908404880097,0.659000915951199,469
25.2515_55.3095,25.25151170589949,55.30946237199447,0.29280017644815687,0.04389252225028344,51,51.94404470000003,0.011176713931015072,0.3817756170800568,0.6182243829199432,470
25.2405_55.304500000000004,25.240498823231277,55.30434966087341,0.29178616664539725,0.01723735171499673,10,52.19864027600003,0.01926186879475906,0.35467160542805987,0.6453283945719401,471
25.2395_55.304,25.239494029059536,55.30401170253754,0.285789905193456,0.017567124108097746,12,52.37706092,0.01487681600782601,0.33632535200852615,0.6636746479914739,472
25.2515_55.31,25.25160974282254,55.31001474741286,0.27394931618669777,0.028377118852001004,226,51.65993461323013,0.036679508880645195,0.5070654588697465,0.4929345411302535,473
25.241_55.304500000000004,25.2411062669758,55.30450264145346,0.273716262913469,0.04025186943800962,78,52.421676134000045,0.013911110043865277,0.3586421068976907,0.6413578931023093,474
25.240000000000002_55.304,25.239847448106072,55.304083659731106,0.2667658686119645,0.028746212306494993,29,52.34040560206898,0.005896305215769752,0.38981219543807805,0.6101878045619219,475
